            title            | actor_count 
-----------------------------+-------------
 LAMBS CINCINATTI            |          15
 LAMBS CINCINATTI            |          15
 LAMBS CINCINATTI            |          15
 LAMBS CINCINATTI            |          15
 LAMBS CINCINATTI            |          15
 LAMBS CINCINATTI            |          15
 LAMBS CINCINATTI            |          15
 LAMBS CINCINATTI            |          15
 LAMBS CINCINATTI            |          15
 LAMBS CINCINATTI            |          15
 LAMBS CINCINATTI            |          15
 LAMBS CINCINATTI            |          15
 LAMBS CINCINATTI            |          15
 LAMBS CINCINATTI            |          15
 LAMBS CINCINATTI            |          15
 BOONDOCK BALLROOM           |          13
 BOONDOCK BALLROOM           |          13
 BOONDOCK BALLROOM           |          13
 BOONDOCK BALLROOM           |          13
 BOONDOCK BALLROOM           |          13
 BOONDOCK BALLROOM           |          13
 BOONDOCK BALLROOM           |          13
 BOONDOCK BALLROOM           |          13
 BOONDOCK BALLROOM           |          13
 BOONDOCK BALLROOM           |          13
 BOONDOCK BALLROOM           |          13
 BOONDOCK BALLROOM           |          13
 BOONDOCK BALLROOM           |          13
 CHITTY LOCK                 |          13
 CHITTY LOCK                 |          13
 CHITTY LOCK                 |          13
 CHITTY LOCK                 |          13
 CHITTY LOCK                 |          13
 CHITTY LOCK                 |          13
 CHITTY LOCK                 |          13
 CHITTY LOCK                 |          13
 CHITTY LOCK                 |          13
 CHITTY LOCK                 |          13
 CHITTY LOCK                 |          13
 CHITTY LOCK                 |          13
 CHITTY LOCK                 |          13
 CRAZY HOME                  |          13
 CRAZY HOME                  |          13
 CRAZY HOME                  |          13
 CRAZY HOME                  |          13
 CRAZY HOME                  |          13
 CRAZY HOME                  |          13
 CRAZY HOME                  |          13
 CRAZY HOME                  |          13
 CRAZY HOME                  |          13
 CRAZY HOME                  |          13
 CRAZY HOME                  |          13
 CRAZY HOME                  |          13
 CRAZY HOME                  |          13
 DRACULA CRYSTAL             |          13
 DRACULA CRYSTAL             |          13
 DRACULA CRYSTAL             |          13
 DRACULA CRYSTAL             |          13
 DRACULA CRYSTAL             |          13
 DRACULA CRYSTAL             |          13
 DRACULA CRYSTAL             |          13
 DRACULA CRYSTAL             |          13
 DRACULA CRYSTAL             |          13
 DRACULA CRYSTAL             |          13
 DRACULA CRYSTAL             |          13
 DRACULA CRYSTAL             |          13
 DRACULA CRYSTAL             |          13
 MUMMY CREATURES             |          13
 MUMMY CREATURES             |          13
 MUMMY CREATURES             |          13
 MUMMY CREATURES             |          13
 MUMMY CREATURES             |          13
 MUMMY CREATURES             |          13
 MUMMY CREATURES             |          13
 MUMMY CREATURES             |          13
 MUMMY CREATURES             |          13
 MUMMY CREATURES             |          13
 MUMMY CREATURES             |          13
 MUMMY CREATURES             |          13
 MUMMY CREATURES             |          13
 RANDOM GO                   |          13
 RANDOM GO                   |          13
 RANDOM GO                   |          13
 RANDOM GO                   |          13
 RANDOM GO                   |          13
 RANDOM GO                   |          13
 RANDOM GO                   |          13
 RANDOM GO                   |          13
 RANDOM GO                   |          13
 RANDOM GO                   |          13
 RANDOM GO                   |          13
 RANDOM GO                   |          13
 RANDOM GO                   |          13
 ARABIA DOGMA                |          12
 ARABIA DOGMA                |          12
 ARABIA DOGMA                |          12
 ARABIA DOGMA                |          12
 ARABIA DOGMA                |          12
 ARABIA DOGMA                |          12
 ARABIA DOGMA                |          12
 ARABIA DOGMA                |          12
 ARABIA DOGMA                |          12
 ARABIA DOGMA                |          12
 ARABIA DOGMA                |          12
 ARABIA DOGMA                |          12
 HELLFIGHTERS SIERRA         |          12
 HELLFIGHTERS SIERRA         |          12
 HELLFIGHTERS SIERRA         |          12
 HELLFIGHTERS SIERRA         |          12
 HELLFIGHTERS SIERRA         |          12
 HELLFIGHTERS SIERRA         |          12
 HELLFIGHTERS SIERRA         |          12
 HELLFIGHTERS SIERRA         |          12
 HELLFIGHTERS SIERRA         |          12
 HELLFIGHTERS SIERRA         |          12
 HELLFIGHTERS SIERRA         |          12
 HELLFIGHTERS SIERRA         |          12
 LESSON CLEOPATRA            |          12
 LESSON CLEOPATRA            |          12
 LESSON CLEOPATRA            |          12
 LESSON CLEOPATRA            |          12
 LESSON CLEOPATRA            |          12
 LESSON CLEOPATRA            |          12
 LESSON CLEOPATRA            |          12
 LESSON CLEOPATRA            |          12
 LESSON CLEOPATRA            |          12
 LESSON CLEOPATRA            |          12
 LESSON CLEOPATRA            |          12
 LESSON CLEOPATRA            |          12
 LONELY ELEPHANT             |          12
 LONELY ELEPHANT             |          12
 LONELY ELEPHANT             |          12
 LONELY ELEPHANT             |          12
 LONELY ELEPHANT             |          12
 LONELY ELEPHANT             |          12
 LONELY ELEPHANT             |          12
 LONELY ELEPHANT             |          12
 LONELY ELEPHANT             |          12
 LONELY ELEPHANT             |          12
 LONELY ELEPHANT             |          12
 LONELY ELEPHANT             |          12
 SKY MIRACLE                 |          12
 SKY MIRACLE                 |          12
 SKY MIRACLE                 |          12
 SKY MIRACLE                 |          12
 SKY MIRACLE                 |          12
 SKY MIRACLE                 |          12
 SKY MIRACLE                 |          12
 SKY MIRACLE                 |          12
 SKY MIRACLE                 |          12
 SKY MIRACLE                 |          12
 SKY MIRACLE                 |          12
 SKY MIRACLE                 |          12
 TITANIC BOONDOCK            |          12
 TITANIC BOONDOCK            |          12
 TITANIC BOONDOCK            |          12
 TITANIC BOONDOCK            |          12
 TITANIC BOONDOCK            |          12
 TITANIC BOONDOCK            |          12
 TITANIC BOONDOCK            |          12
 TITANIC BOONDOCK            |          12
 TITANIC BOONDOCK            |          12
 TITANIC BOONDOCK            |          12
 TITANIC BOONDOCK            |          12
 TITANIC BOONDOCK            |          12
 FIDDLER LOST                |          11
 FIDDLER LOST                |          11
 FIDDLER LOST                |          11
 FIDDLER LOST                |          11
 FIDDLER LOST                |          11
 FIDDLER LOST                |          11
 FIDDLER LOST                |          11
 FIDDLER LOST                |          11
 FIDDLER LOST                |          11
 FIDDLER LOST                |          11
 FIDDLER LOST                |          11
 FUGITIVE MAGUIRE            |          11
 FUGITIVE MAGUIRE            |          11
 FUGITIVE MAGUIRE            |          11
 FUGITIVE MAGUIRE            |          11
 FUGITIVE MAGUIRE            |          11
 FUGITIVE MAGUIRE            |          11
 FUGITIVE MAGUIRE            |          11
 FUGITIVE MAGUIRE            |          11
 FUGITIVE MAGUIRE            |          11
 FUGITIVE MAGUIRE            |          11
 FUGITIVE MAGUIRE            |          11
 HOLES BRANNIGAN             |          11
 HOLES BRANNIGAN             |          11
 HOLES BRANNIGAN             |          11
 HOLES BRANNIGAN             |          11
 HOLES BRANNIGAN             |          11
 HOLES BRANNIGAN             |          11
 HOLES BRANNIGAN             |          11
 HOLES BRANNIGAN             |          11
 HOLES BRANNIGAN             |          11
 HOLES BRANNIGAN             |          11
 HOLES BRANNIGAN             |          11
 IMAGE PRINCESS              |          11
 IMAGE PRINCESS              |          11
 IMAGE PRINCESS              |          11
 IMAGE PRINCESS              |          11
 IMAGE PRINCESS              |          11
 IMAGE PRINCESS              |          11
 IMAGE PRINCESS              |          11
 IMAGE PRINCESS              |          11
 IMAGE PRINCESS              |          11
 IMAGE PRINCESS              |          11
 IMAGE PRINCESS              |          11
 INSTINCT AIRPORT            |          11
 INSTINCT AIRPORT            |          11
 INSTINCT AIRPORT            |          11
 INSTINCT AIRPORT            |          11
 INSTINCT AIRPORT            |          11
 INSTINCT AIRPORT            |          11
 INSTINCT AIRPORT            |          11
 INSTINCT AIRPORT            |          11
 INSTINCT AIRPORT            |          11
 INSTINCT AIRPORT            |          11
 INSTINCT AIRPORT            |          11
 MAKER GABLES                |          11
 MAKER GABLES                |          11
 MAKER GABLES                |          11
 MAKER GABLES                |          11
 MAKER GABLES                |          11
 MAKER GABLES                |          11
 MAKER GABLES                |          11
 MAKER GABLES                |          11
 MAKER GABLES                |          11
 MAKER GABLES                |          11
 MAKER GABLES                |          11
 MASK PEACH                  |          11
 MASK PEACH                  |          11
 MASK PEACH                  |          11
 MASK PEACH                  |          11
 MASK PEACH                  |          11
 MASK PEACH                  |          11
 MASK PEACH                  |          11
 MASK PEACH                  |          11
 MASK PEACH                  |          11
 MASK PEACH                  |          11
 MASK PEACH                  |          11
 OZ LIAISONS                 |          11
 OZ LIAISONS                 |          11
 OZ LIAISONS                 |          11
 OZ LIAISONS                 |          11
 OZ LIAISONS                 |          11
 OZ LIAISONS                 |          11
 OZ LIAISONS                 |          11
 OZ LIAISONS                 |          11
 OZ LIAISONS                 |          11
 OZ LIAISONS                 |          11
 OZ LIAISONS                 |          11
 PINOCCHIO SIMON             |          11
 PINOCCHIO SIMON             |          11
 PINOCCHIO SIMON             |          11
 PINOCCHIO SIMON             |          11
 PINOCCHIO SIMON             |          11
 PINOCCHIO SIMON             |          11
 PINOCCHIO SIMON             |          11
 PINOCCHIO SIMON             |          11
 PINOCCHIO SIMON             |          11
 PINOCCHIO SIMON             |          11
 PINOCCHIO SIMON             |          11
 RINGS HEARTBREAKERS         |          11
 RINGS HEARTBREAKERS         |          11
 RINGS HEARTBREAKERS         |          11
 RINGS HEARTBREAKERS         |          11
 RINGS HEARTBREAKERS         |          11
 RINGS HEARTBREAKERS         |          11
 RINGS HEARTBREAKERS         |          11
 RINGS HEARTBREAKERS         |          11
 RINGS HEARTBREAKERS         |          11
 RINGS HEARTBREAKERS         |          11
 RINGS HEARTBREAKERS         |          11
 SPICE SORORITY              |          11
 SPICE SORORITY              |          11
 SPICE SORORITY              |          11
 SPICE SORORITY              |          11
 SPICE SORORITY              |          11
 SPICE SORORITY              |          11
 SPICE SORORITY              |          11
 SPICE SORORITY              |          11
 SPICE SORORITY              |          11
 SPICE SORORITY              |          11
 SPICE SORORITY              |          11
 SPIRIT FLINTSTONES          |          11
 SPIRIT FLINTSTONES          |          11
 SPIRIT FLINTSTONES          |          11
 SPIRIT FLINTSTONES          |          11
 SPIRIT FLINTSTONES          |          11
 SPIRIT FLINTSTONES          |          11
 SPIRIT FLINTSTONES          |          11
 SPIRIT FLINTSTONES          |          11
 SPIRIT FLINTSTONES          |          11
 SPIRIT FLINTSTONES          |          11
 SPIRIT FLINTSTONES          |          11
 SUBMARINE BED               |          11
 SUBMARINE BED               |          11
 SUBMARINE BED               |          11
 SUBMARINE BED               |          11
 SUBMARINE BED               |          11
 SUBMARINE BED               |          11
 SUBMARINE BED               |          11
 SUBMARINE BED               |          11
 SUBMARINE BED               |          11
 SUBMARINE BED               |          11
 SUBMARINE BED               |          11
 TELEMARK HEARTBREAKERS      |          11
 TELEMARK HEARTBREAKERS      |          11
 TELEMARK HEARTBREAKERS      |          11
 TELEMARK HEARTBREAKERS      |          11
 TELEMARK HEARTBREAKERS      |          11
 TELEMARK HEARTBREAKERS      |          11
 TELEMARK HEARTBREAKERS      |          11
 TELEMARK HEARTBREAKERS      |          11
 TELEMARK HEARTBREAKERS      |          11
 TELEMARK HEARTBREAKERS      |          11
 TELEMARK HEARTBREAKERS      |          11
 ACADEMY DINOSAUR            |          10
 ACADEMY DINOSAUR            |          10
 ACADEMY DINOSAUR            |          10
 ACADEMY DINOSAUR            |          10
 ACADEMY DINOSAUR            |          10
 ACADEMY DINOSAUR            |          10
 ACADEMY DINOSAUR            |          10
 ACADEMY DINOSAUR            |          10
 ACADEMY DINOSAUR            |          10
 ACADEMY DINOSAUR            |          10
 BERETS AGENT                |          10
 BERETS AGENT                |          10
 BERETS AGENT                |          10
 BERETS AGENT                |          10
 BERETS AGENT                |          10
 BERETS AGENT                |          10
 BERETS AGENT                |          10
 BERETS AGENT                |          10
 BERETS AGENT                |          10
 BERETS AGENT                |          10
 CHINATOWN GLADIATOR         |          10
 CHINATOWN GLADIATOR         |          10
 CHINATOWN GLADIATOR         |          10
 CHINATOWN GLADIATOR         |          10
 CHINATOWN GLADIATOR         |          10
 CHINATOWN GLADIATOR         |          10
 CHINATOWN GLADIATOR         |          10
 CHINATOWN GLADIATOR         |          10
 CHINATOWN GLADIATOR         |          10
 CHINATOWN GLADIATOR         |          10
 COAST RAINBOW               |          10
 COAST RAINBOW               |          10
 COAST RAINBOW               |          10
 COAST RAINBOW               |          10
 COAST RAINBOW               |          10
 COAST RAINBOW               |          10
 COAST RAINBOW               |          10
 COAST RAINBOW               |          10
 COAST RAINBOW               |          10
 COAST RAINBOW               |          10
 CROW GREASE                 |          10
 CROW GREASE                 |          10
 CROW GREASE                 |          10
 CROW GREASE                 |          10
 CROW GREASE                 |          10
 CROW GREASE                 |          10
 CROW GREASE                 |          10
 CROW GREASE                 |          10
 CROW GREASE                 |          10
 CROW GREASE                 |          10
 DARES PLUTO                 |          10
 DARES PLUTO                 |          10
 DARES PLUTO                 |          10
 DARES PLUTO                 |          10
 DARES PLUTO                 |          10
 DARES PLUTO                 |          10
 DARES PLUTO                 |          10
 DARES PLUTO                 |          10
 DARES PLUTO                 |          10
 DARES PLUTO                 |          10
 HEAVEN FREEDOM              |          10
 HEAVEN FREEDOM              |          10
 HEAVEN FREEDOM              |          10
 HEAVEN FREEDOM              |          10
 HEAVEN FREEDOM              |          10
 HEAVEN FREEDOM              |          10
 HEAVEN FREEDOM              |          10
 HEAVEN FREEDOM              |          10
 HEAVEN FREEDOM              |          10
 HEAVEN FREEDOM              |          10
 HOOSIERS BIRDCAGE           |          10
 HOOSIERS BIRDCAGE           |          10
 HOOSIERS BIRDCAGE           |          10
 HOOSIERS BIRDCAGE           |          10
 HOOSIERS BIRDCAGE           |          10
 HOOSIERS BIRDCAGE           |          10
 HOOSIERS BIRDCAGE           |          10
 HOOSIERS BIRDCAGE           |          10
 HOOSIERS BIRDCAGE           |          10
 HOOSIERS BIRDCAGE           |          10
 INDIAN LOVE                 |          10
 INDIAN LOVE                 |          10
 INDIAN LOVE                 |          10
 INDIAN LOVE                 |          10
 INDIAN LOVE                 |          10
 INDIAN LOVE                 |          10
 INDIAN LOVE                 |          10
 INDIAN LOVE                 |          10
 INDIAN LOVE                 |          10
 INDIAN LOVE                 |          10
 JACKET FRISCO               |          10
 JACKET FRISCO               |          10
 JACKET FRISCO               |          10
 JACKET FRISCO               |          10
 JACKET FRISCO               |          10
 JACKET FRISCO               |          10
 JACKET FRISCO               |          10
 JACKET FRISCO               |          10
 JACKET FRISCO               |          10
 JACKET FRISCO               |          10
 LUCKY FLYING                |          10
 LUCKY FLYING                |          10
 LUCKY FLYING                |          10
 LUCKY FLYING                |          10
 LUCKY FLYING                |          10
 LUCKY FLYING                |          10
 LUCKY FLYING                |          10
 LUCKY FLYING                |          10
 LUCKY FLYING                |          10
 LUCKY FLYING                |          10
 OLEANDER CLUE               |          10
 OLEANDER CLUE               |          10
 OLEANDER CLUE               |          10
 OLEANDER CLUE               |          10
 OLEANDER CLUE               |          10
 OLEANDER CLUE               |          10
 OLEANDER CLUE               |          10
 OLEANDER CLUE               |          10
 OLEANDER CLUE               |          10
 OLEANDER CLUE               |          10
 POLISH BROOKLYN             |          10
 POLISH BROOKLYN             |          10
 POLISH BROOKLYN             |          10
 POLISH BROOKLYN             |          10
 POLISH BROOKLYN             |          10
 POLISH BROOKLYN             |          10
 POLISH BROOKLYN             |          10
 POLISH BROOKLYN             |          10
 POLISH BROOKLYN             |          10
 POLISH BROOKLYN             |          10
 PREJUDICE OLEANDER          |          10
 PREJUDICE OLEANDER          |          10
 PREJUDICE OLEANDER          |          10
 PREJUDICE OLEANDER          |          10
 PREJUDICE OLEANDER          |          10
 PREJUDICE OLEANDER          |          10
 PREJUDICE OLEANDER          |          10
 PREJUDICE OLEANDER          |          10
 PREJUDICE OLEANDER          |          10
 PREJUDICE OLEANDER          |          10
 ROOTS REMEMBER              |          10
 ROOTS REMEMBER              |          10
 ROOTS REMEMBER              |          10
 ROOTS REMEMBER              |          10
 ROOTS REMEMBER              |          10
 ROOTS REMEMBER              |          10
 ROOTS REMEMBER              |          10
 ROOTS REMEMBER              |          10
 ROOTS REMEMBER              |          10
 ROOTS REMEMBER              |          10
 SAINTS BRIDE                |          10
 SAINTS BRIDE                |          10
 SAINTS BRIDE                |          10
 SAINTS BRIDE                |          10
 SAINTS BRIDE                |          10
 SAINTS BRIDE                |          10
 SAINTS BRIDE                |          10
 SAINTS BRIDE                |          10
 SAINTS BRIDE                |          10
 SAINTS BRIDE                |          10
 SHAWSHANK BUBBLE            |          10
 SHAWSHANK BUBBLE            |          10
 SHAWSHANK BUBBLE            |          10
 SHAWSHANK BUBBLE            |          10
 SHAWSHANK BUBBLE            |          10
 SHAWSHANK BUBBLE            |          10
 SHAWSHANK BUBBLE            |          10
 SHAWSHANK BUBBLE            |          10
 SHAWSHANK BUBBLE            |          10
 SHAWSHANK BUBBLE            |          10
 SPLASH GUMP                 |          10
 SPLASH GUMP                 |          10
 SPLASH GUMP                 |          10
 SPLASH GUMP                 |          10
 SPLASH GUMP                 |          10
 SPLASH GUMP                 |          10
 SPLASH GUMP                 |          10
 SPLASH GUMP                 |          10
 SPLASH GUMP                 |          10
 SPLASH GUMP                 |          10
 SPLENDOR PATTON             |          10
 SPLENDOR PATTON             |          10
 SPLENDOR PATTON             |          10
 SPLENDOR PATTON             |          10
 SPLENDOR PATTON             |          10
 SPLENDOR PATTON             |          10
 SPLENDOR PATTON             |          10
 SPLENDOR PATTON             |          10
 SPLENDOR PATTON             |          10
 SPLENDOR PATTON             |          10
 WEDDING APOLLO              |          10
 WEDDING APOLLO              |          10
 WEDDING APOLLO              |          10
 WEDDING APOLLO              |          10
 WEDDING APOLLO              |          10
 WEDDING APOLLO              |          10
 WEDDING APOLLO              |          10
 WEDDING APOLLO              |          10
 WEDDING APOLLO              |          10
 WEDDING APOLLO              |          10
 WEEKEND PERSONAL            |          10
 WEEKEND PERSONAL            |          10
 WEEKEND PERSONAL            |          10
 WEEKEND PERSONAL            |          10
 WEEKEND PERSONAL            |          10
 WEEKEND PERSONAL            |          10
 WEEKEND PERSONAL            |          10
 WEEKEND PERSONAL            |          10
 WEEKEND PERSONAL            |          10
 WEEKEND PERSONAL            |          10
 ALABAMA DEVIL               |           9
 ALABAMA DEVIL               |           9
 ALABAMA DEVIL               |           9
 ALABAMA DEVIL               |           9
 ALABAMA DEVIL               |           9
 ALABAMA DEVIL               |           9
 ALABAMA DEVIL               |           9
 ALABAMA DEVIL               |           9
 ALABAMA DEVIL               |           9
 ANGELS LIFE                 |           9
 ANGELS LIFE                 |           9
 ANGELS LIFE                 |           9
 ANGELS LIFE                 |           9
 ANGELS LIFE                 |           9
 ANGELS LIFE                 |           9
 ANGELS LIFE                 |           9
 ANGELS LIFE                 |           9
 ANGELS LIFE                 |           9
 ANONYMOUS HUMAN             |           9
 ANONYMOUS HUMAN             |           9
 ANONYMOUS HUMAN             |           9
 ANONYMOUS HUMAN             |           9
 ANONYMOUS HUMAN             |           9
 ANONYMOUS HUMAN             |           9
 ANONYMOUS HUMAN             |           9
 ANONYMOUS HUMAN             |           9
 ANONYMOUS HUMAN             |           9
 ATLANTIS CAUSE              |           9
 ATLANTIS CAUSE              |           9
 ATLANTIS CAUSE              |           9
 ATLANTIS CAUSE              |           9
 ATLANTIS CAUSE              |           9
 ATLANTIS CAUSE              |           9
 ATLANTIS CAUSE              |           9
 ATLANTIS CAUSE              |           9
 ATLANTIS CAUSE              |           9
 BONNIE HOLOCAUST            |           9
 BONNIE HOLOCAUST            |           9
 BONNIE HOLOCAUST            |           9
 BONNIE HOLOCAUST            |           9
 BONNIE HOLOCAUST            |           9
 BONNIE HOLOCAUST            |           9
 BONNIE HOLOCAUST            |           9
 BONNIE HOLOCAUST            |           9
 BONNIE HOLOCAUST            |           9
 BORN SPINAL                 |           9
 BORN SPINAL                 |           9
 BORN SPINAL                 |           9
 BORN SPINAL                 |           9
 BORN SPINAL                 |           9
 BORN SPINAL                 |           9
 BORN SPINAL                 |           9
 BORN SPINAL                 |           9
 BORN SPINAL                 |           9
 CONEHEADS SMOOCHY           |           9
 CONEHEADS SMOOCHY           |           9
 CONEHEADS SMOOCHY           |           9
 CONEHEADS SMOOCHY           |           9
 CONEHEADS SMOOCHY           |           9
 CONEHEADS SMOOCHY           |           9
 CONEHEADS SMOOCHY           |           9
 CONEHEADS SMOOCHY           |           9
 CONEHEADS SMOOCHY           |           9
 CRUSADE HONEY               |           9
 CRUSADE HONEY               |           9
 CRUSADE HONEY               |           9
 CRUSADE HONEY               |           9
 CRUSADE HONEY               |           9
 CRUSADE HONEY               |           9
 CRUSADE HONEY               |           9
 CRUSADE HONEY               |           9
 CRUSADE HONEY               |           9
 DARN FORRESTER              |           9
 DARN FORRESTER              |           9
 DARN FORRESTER              |           9
 DARN FORRESTER              |           9
 DARN FORRESTER              |           9
 DARN FORRESTER              |           9
 DARN FORRESTER              |           9
 DARN FORRESTER              |           9
 DARN FORRESTER              |           9
 DOORS PRESIDENT             |           9
 DOORS PRESIDENT             |           9
 DOORS PRESIDENT             |           9
 DOORS PRESIDENT             |           9
 DOORS PRESIDENT             |           9
 DOORS PRESIDENT             |           9
 DOORS PRESIDENT             |           9
 DOORS PRESIDENT             |           9
 DOORS PRESIDENT             |           9
 DUMBO LUST                  |           9
 DUMBO LUST                  |           9
 DUMBO LUST                  |           9
 DUMBO LUST                  |           9
 DUMBO LUST                  |           9
 DUMBO LUST                  |           9
 DUMBO LUST                  |           9
 DUMBO LUST                  |           9
 DUMBO LUST                  |           9
 DURHAM PANKY                |           9
 DURHAM PANKY                |           9
 DURHAM PANKY                |           9
 DURHAM PANKY                |           9
 DURHAM PANKY                |           9
 DURHAM PANKY                |           9
 DURHAM PANKY                |           9
 DURHAM PANKY                |           9
 DURHAM PANKY                |           9
 EMPIRE MALKOVICH            |           9
 EMPIRE MALKOVICH            |           9
 EMPIRE MALKOVICH            |           9
 EMPIRE MALKOVICH            |           9
 EMPIRE MALKOVICH            |           9
 EMPIRE MALKOVICH            |           9
 EMPIRE MALKOVICH            |           9
 EMPIRE MALKOVICH            |           9
 EMPIRE MALKOVICH            |           9
 ENOUGH RAGING               |           9
 ENOUGH RAGING               |           9
 ENOUGH RAGING               |           9
 ENOUGH RAGING               |           9
 ENOUGH RAGING               |           9
 ENOUGH RAGING               |           9
 ENOUGH RAGING               |           9
 ENOUGH RAGING               |           9
 ENOUGH RAGING               |           9
 FAMILY SWEET                |           9
 FAMILY SWEET                |           9
 FAMILY SWEET                |           9
 FAMILY SWEET                |           9
 FAMILY SWEET                |           9
 FAMILY SWEET                |           9
 FAMILY SWEET                |           9
 FAMILY SWEET                |           9
 FAMILY SWEET                |           9
 FANTASY TROOPERS            |           9
 FANTASY TROOPERS            |           9
 FANTASY TROOPERS            |           9
 FANTASY TROOPERS            |           9
 FANTASY TROOPERS            |           9
 FANTASY TROOPERS            |           9
 FANTASY TROOPERS            |           9
 FANTASY TROOPERS            |           9
 FANTASY TROOPERS            |           9
 FEATHERS METAL              |           9
 FEATHERS METAL              |           9
 FEATHERS METAL              |           9
 FEATHERS METAL              |           9
 FEATHERS METAL              |           9
 FEATHERS METAL              |           9
 FEATHERS METAL              |           9
 FEATHERS METAL              |           9
 FEATHERS METAL              |           9
 FLAMINGOS CONNECTICUT       |           9
 FLAMINGOS CONNECTICUT       |           9
 FLAMINGOS CONNECTICUT       |           9
 FLAMINGOS CONNECTICUT       |           9
 FLAMINGOS CONNECTICUT       |           9
 FLAMINGOS CONNECTICUT       |           9
 FLAMINGOS CONNECTICUT       |           9
 FLAMINGOS CONNECTICUT       |           9
 FLAMINGOS CONNECTICUT       |           9
 FLATLINERS KILLER           |           9
 FLATLINERS KILLER           |           9
 FLATLINERS KILLER           |           9
 FLATLINERS KILLER           |           9
 FLATLINERS KILLER           |           9
 FLATLINERS KILLER           |           9
 FLATLINERS KILLER           |           9
 FLATLINERS KILLER           |           9
 FLATLINERS KILLER           |           9
 FRISCO FORREST              |           9
 FRISCO FORREST              |           9
 FRISCO FORREST              |           9
 FRISCO FORREST              |           9
 FRISCO FORREST              |           9
 FRISCO FORREST              |           9
 FRISCO FORREST              |           9
 FRISCO FORREST              |           9
 FRISCO FORREST              |           9
 HOUSE DYNAMITE              |           9
 HOUSE DYNAMITE              |           9
 HOUSE DYNAMITE              |           9
 HOUSE DYNAMITE              |           9
 HOUSE DYNAMITE              |           9
 HOUSE DYNAMITE              |           9
 HOUSE DYNAMITE              |           9
 HOUSE DYNAMITE              |           9
 HOUSE DYNAMITE              |           9
 HYSTERICAL GRAIL            |           9
 HYSTERICAL GRAIL            |           9
 HYSTERICAL GRAIL            |           9
 HYSTERICAL GRAIL            |           9
 HYSTERICAL GRAIL            |           9
 HYSTERICAL GRAIL            |           9
 HYSTERICAL GRAIL            |           9
 HYSTERICAL GRAIL            |           9
 HYSTERICAL GRAIL            |           9
 INDEPENDENCE HOTEL          |           9
 INDEPENDENCE HOTEL          |           9
 INDEPENDENCE HOTEL          |           9
 INDEPENDENCE HOTEL          |           9
 INDEPENDENCE HOTEL          |           9
 INDEPENDENCE HOTEL          |           9
 INDEPENDENCE HOTEL          |           9
 INDEPENDENCE HOTEL          |           9
 INDEPENDENCE HOTEL          |           9
 INSIDER ARIZONA             |           9
 INSIDER ARIZONA             |           9
 INSIDER ARIZONA             |           9
 INSIDER ARIZONA             |           9
 INSIDER ARIZONA             |           9
 INSIDER ARIZONA             |           9
 INSIDER ARIZONA             |           9
 INSIDER ARIZONA             |           9
 INSIDER ARIZONA             |           9
 JAPANESE RUN                |           9
 JAPANESE RUN                |           9
 JAPANESE RUN                |           9
 JAPANESE RUN                |           9
 JAPANESE RUN                |           9
 JAPANESE RUN                |           9
 JAPANESE RUN                |           9
 JAPANESE RUN                |           9
 JAPANESE RUN                |           9
 JERSEY SASSY                |           9
 JERSEY SASSY                |           9
 JERSEY SASSY                |           9
 JERSEY SASSY                |           9
 JERSEY SASSY                |           9
 JERSEY SASSY                |           9
 JERSEY SASSY                |           9
 JERSEY SASSY                |           9
 JERSEY SASSY                |           9
 JUGGLER HARDLY              |           9
 JUGGLER HARDLY              |           9
 JUGGLER HARDLY              |           9
 JUGGLER HARDLY              |           9
 JUGGLER HARDLY              |           9
 JUGGLER HARDLY              |           9
 JUGGLER HARDLY              |           9
 JUGGLER HARDLY              |           9
 JUGGLER HARDLY              |           9
 LOVERBOY ATTACKS            |           9
 LOVERBOY ATTACKS            |           9
 LOVERBOY ATTACKS            |           9
 LOVERBOY ATTACKS            |           9
 LOVERBOY ATTACKS            |           9
 LOVERBOY ATTACKS            |           9
 LOVERBOY ATTACKS            |           9
 LOVERBOY ATTACKS            |           9
 LOVERBOY ATTACKS            |           9
 LUKE MUMMY                  |           9
 LUKE MUMMY                  |           9
 LUKE MUMMY                  |           9
 LUKE MUMMY                  |           9
 LUKE MUMMY                  |           9
 LUKE MUMMY                  |           9
 LUKE MUMMY                  |           9
 LUKE MUMMY                  |           9
 LUKE MUMMY                  |           9
 MASSAGE IMAGE               |           9
 MASSAGE IMAGE               |           9
 MASSAGE IMAGE               |           9
 MASSAGE IMAGE               |           9
 MASSAGE IMAGE               |           9
 MASSAGE IMAGE               |           9
 MASSAGE IMAGE               |           9
 MASSAGE IMAGE               |           9
 MASSAGE IMAGE               |           9
 MIDNIGHT WESTWARD           |           9
 MIDNIGHT WESTWARD           |           9
 MIDNIGHT WESTWARD           |           9
 MIDNIGHT WESTWARD           |           9
 MIDNIGHT WESTWARD           |           9
 MIDNIGHT WESTWARD           |           9
 MIDNIGHT WESTWARD           |           9
 MIDNIGHT WESTWARD           |           9
 MIDNIGHT WESTWARD           |           9
 OKLAHOMA JUMANJI            |           9
 OKLAHOMA JUMANJI            |           9
 OKLAHOMA JUMANJI            |           9
 OKLAHOMA JUMANJI            |           9
 OKLAHOMA JUMANJI            |           9
 OKLAHOMA JUMANJI            |           9
 OKLAHOMA JUMANJI            |           9
 OKLAHOMA JUMANJI            |           9
 OKLAHOMA JUMANJI            |           9
 OPEN AFRICAN                |           9
 OPEN AFRICAN                |           9
 OPEN AFRICAN                |           9
 OPEN AFRICAN                |           9
 OPEN AFRICAN                |           9
 OPEN AFRICAN                |           9
 OPEN AFRICAN                |           9
 OPEN AFRICAN                |           9
 OPEN AFRICAN                |           9
 PATTON INTERVIEW            |           9
 PATTON INTERVIEW            |           9
 PATTON INTERVIEW            |           9
 PATTON INTERVIEW            |           9
 PATTON INTERVIEW            |           9
 PATTON INTERVIEW            |           9
 PATTON INTERVIEW            |           9
 PATTON INTERVIEW            |           9
 PATTON INTERVIEW            |           9
 PERSONAL LADYBUGS           |           9
 PERSONAL LADYBUGS           |           9
 PERSONAL LADYBUGS           |           9
 PERSONAL LADYBUGS           |           9
 PERSONAL LADYBUGS           |           9
 PERSONAL LADYBUGS           |           9
 PERSONAL LADYBUGS           |           9
 PERSONAL LADYBUGS           |           9
 PERSONAL LADYBUGS           |           9
 RIDER CADDYSHACK            |           9
 RIDER CADDYSHACK            |           9
 RIDER CADDYSHACK            |           9
 RIDER CADDYSHACK            |           9
 RIDER CADDYSHACK            |           9
 RIDER CADDYSHACK            |           9
 RIDER CADDYSHACK            |           9
 RIDER CADDYSHACK            |           9
 RIDER CADDYSHACK            |           9
 SATURDAY LAMBS              |           9
 SATURDAY LAMBS              |           9
 SATURDAY LAMBS              |           9
 SATURDAY LAMBS              |           9
 SATURDAY LAMBS              |           9
 SATURDAY LAMBS              |           9
 SATURDAY LAMBS              |           9
 SATURDAY LAMBS              |           9
 SATURDAY LAMBS              |           9
 SNATCHERS MONTEZUMA         |           9
 SNATCHERS MONTEZUMA         |           9
 SNATCHERS MONTEZUMA         |           9
 SNATCHERS MONTEZUMA         |           9
 SNATCHERS MONTEZUMA         |           9
 SNATCHERS MONTEZUMA         |           9
 SNATCHERS MONTEZUMA         |           9
 SNATCHERS MONTEZUMA         |           9
 SNATCHERS MONTEZUMA         |           9
 SOLDIERS EVOLUTION          |           9
 SOLDIERS EVOLUTION          |           9
 SOLDIERS EVOLUTION          |           9
 SOLDIERS EVOLUTION          |           9
 SOLDIERS EVOLUTION          |           9
 SOLDIERS EVOLUTION          |           9
 SOLDIERS EVOLUTION          |           9
 SOLDIERS EVOLUTION          |           9
 SOLDIERS EVOLUTION          |           9
 STRANGELOVE DESIRE          |           9
 STRANGELOVE DESIRE          |           9
 STRANGELOVE DESIRE          |           9
 STRANGELOVE DESIRE          |           9
 STRANGELOVE DESIRE          |           9
 STRANGELOVE DESIRE          |           9
 STRANGELOVE DESIRE          |           9
 STRANGELOVE DESIRE          |           9
 STRANGELOVE DESIRE          |           9
 STRANGER STRANGERS          |           9
 STRANGER STRANGERS          |           9
 STRANGER STRANGERS          |           9
 STRANGER STRANGERS          |           9
 STRANGER STRANGERS          |           9
 STRANGER STRANGERS          |           9
 STRANGER STRANGERS          |           9
 STRANGER STRANGERS          |           9
 STRANGER STRANGERS          |           9
 TOMATOES HELLFIGHTERS       |           9
 TOMATOES HELLFIGHTERS       |           9
 TOMATOES HELLFIGHTERS       |           9
 TOMATOES HELLFIGHTERS       |           9
 TOMATOES HELLFIGHTERS       |           9
 TOMATOES HELLFIGHTERS       |           9
 TOMATOES HELLFIGHTERS       |           9
 TOMATOES HELLFIGHTERS       |           9
 TOMATOES HELLFIGHTERS       |           9
 VELVET TERMINATOR           |           9
 VELVET TERMINATOR           |           9
 VELVET TERMINATOR           |           9
 VELVET TERMINATOR           |           9
 VELVET TERMINATOR           |           9
 VELVET TERMINATOR           |           9
 VELVET TERMINATOR           |           9
 VELVET TERMINATOR           |           9
 VELVET TERMINATOR           |           9
 WAIT CIDER                  |           9
 WAIT CIDER                  |           9
 WAIT CIDER                  |           9
 WAIT CIDER                  |           9
 WAIT CIDER                  |           9
 WAIT CIDER                  |           9
 WAIT CIDER                  |           9
 WAIT CIDER                  |           9
 WAIT CIDER                  |           9
 WAR NOTTING                 |           9
 WAR NOTTING                 |           9
 WAR NOTTING                 |           9
 WAR NOTTING                 |           9
 WAR NOTTING                 |           9
 WAR NOTTING                 |           9
 WAR NOTTING                 |           9
 WAR NOTTING                 |           9
 WAR NOTTING                 |           9
 WEST LION                   |           9
 WEST LION                   |           9
 WEST LION                   |           9
 WEST LION                   |           9
 WEST LION                   |           9
 WEST LION                   |           9
 WEST LION                   |           9
 WEST LION                   |           9
 WEST LION                   |           9
 WIZARD COLDBLOODED          |           9
 WIZARD COLDBLOODED          |           9
 WIZARD COLDBLOODED          |           9
 WIZARD COLDBLOODED          |           9
 WIZARD COLDBLOODED          |           9
 WIZARD COLDBLOODED          |           9
 WIZARD COLDBLOODED          |           9
 WIZARD COLDBLOODED          |           9
 WIZARD COLDBLOODED          |           9
 WORKER TARZAN               |           9
 WORKER TARZAN               |           9
 WORKER TARZAN               |           9
 WORKER TARZAN               |           9
 WORKER TARZAN               |           9
 WORKER TARZAN               |           9
 WORKER TARZAN               |           9
 WORKER TARZAN               |           9
 WORKER TARZAN               |           9
 WRONG BEHAVIOR              |           9
 WRONG BEHAVIOR              |           9
 WRONG BEHAVIOR              |           9
 WRONG BEHAVIOR              |           9
 WRONG BEHAVIOR              |           9
 WRONG BEHAVIOR              |           9
 WRONG BEHAVIOR              |           9
 WRONG BEHAVIOR              |           9
 WRONG BEHAVIOR              |           9
 ALADDIN CALENDAR            |           8
 ALADDIN CALENDAR            |           8
 ALADDIN CALENDAR            |           8
 ALADDIN CALENDAR            |           8
 ALADDIN CALENDAR            |           8
 ALADDIN CALENDAR            |           8
 ALADDIN CALENDAR            |           8
 ALADDIN CALENDAR            |           8
 ALONE TRIP                  |           8
 ALONE TRIP                  |           8
 ALONE TRIP                  |           8
 ALONE TRIP                  |           8
 ALONE TRIP                  |           8
 ALONE TRIP                  |           8
 ALONE TRIP                  |           8
 ALONE TRIP                  |           8
 APOLLO TEEN                 |           8
 APOLLO TEEN                 |           8
 APOLLO TEEN                 |           8
 APOLLO TEEN                 |           8
 APOLLO TEEN                 |           8
 APOLLO TEEN                 |           8
 APOLLO TEEN                 |           8
 APOLLO TEEN                 |           8
 ARACHNOPHOBIA ROLLERCOASTER |           8
 ARACHNOPHOBIA ROLLERCOASTER |           8
 ARACHNOPHOBIA ROLLERCOASTER |           8
 ARACHNOPHOBIA ROLLERCOASTER |           8
 ARACHNOPHOBIA ROLLERCOASTER |           8
 ARACHNOPHOBIA ROLLERCOASTER |           8
 ARACHNOPHOBIA ROLLERCOASTER |           8
 ARACHNOPHOBIA ROLLERCOASTER |           8
 BABY HALL                   |           8
 BABY HALL                   |           8
 BABY HALL                   |           8
 BABY HALL                   |           8
 BABY HALL                   |           8
 BABY HALL                   |           8
 BABY HALL                   |           8
 BABY HALL                   |           8
 BADMAN DAWN                 |           8
 BADMAN DAWN                 |           8
 BADMAN DAWN                 |           8
 BADMAN DAWN                 |           8
 BADMAN DAWN                 |           8
 BADMAN DAWN                 |           8
 BADMAN DAWN                 |           8
 BADMAN DAWN                 |           8
 BAREFOOT MANCHURIAN         |           8
 BAREFOOT MANCHURIAN         |           8
 BAREFOOT MANCHURIAN         |           8
 BAREFOOT MANCHURIAN         |           8
 BAREFOOT MANCHURIAN         |           8
 BAREFOOT MANCHURIAN         |           8
 BAREFOOT MANCHURIAN         |           8
 BAREFOOT MANCHURIAN         |           8
 BOILED DARES                |           8
 BOILED DARES                |           8
 BOILED DARES                |           8
 BOILED DARES                |           8
 BOILED DARES                |           8
 BOILED DARES                |           8
 BOILED DARES                |           8
 BOILED DARES                |           8
 BOULEVARD MOB               |           8
 BOULEVARD MOB               |           8
 BOULEVARD MOB               |           8
 BOULEVARD MOB               |           8
 BOULEVARD MOB               |           8
 BOULEVARD MOB               |           8
 BOULEVARD MOB               |           8
 BOULEVARD MOB               |           8
 BULL SHAWSHANK              |           8
 BULL SHAWSHANK              |           8
 BULL SHAWSHANK              |           8
 BULL SHAWSHANK              |           8
 BULL SHAWSHANK              |           8
 BULL SHAWSHANK              |           8
 BULL SHAWSHANK              |           8
 BULL SHAWSHANK              |           8
 BUNCH MINDS                 |           8
 BUNCH MINDS                 |           8
 BUNCH MINDS                 |           8
 BUNCH MINDS                 |           8
 BUNCH MINDS                 |           8
 BUNCH MINDS                 |           8
 BUNCH MINDS                 |           8
 BUNCH MINDS                 |           8
 CALENDAR GUNFIGHT           |           8
 CALENDAR GUNFIGHT           |           8
 CALENDAR GUNFIGHT           |           8
 CALENDAR GUNFIGHT           |           8
 CALENDAR GUNFIGHT           |           8
 CALENDAR GUNFIGHT           |           8
 CALENDAR GUNFIGHT           |           8
 CALENDAR GUNFIGHT           |           8
 CARIBBEAN LIBERTY           |           8
 CARIBBEAN LIBERTY           |           8
 CARIBBEAN LIBERTY           |           8
 CARIBBEAN LIBERTY           |           8
 CARIBBEAN LIBERTY           |           8
 CARIBBEAN LIBERTY           |           8
 CARIBBEAN LIBERTY           |           8
 CARIBBEAN LIBERTY           |           8
 CHICAGO NORTH               |           8
 CHICAGO NORTH               |           8
 CHICAGO NORTH               |           8
 CHICAGO NORTH               |           8
 CHICAGO NORTH               |           8
 CHICAGO NORTH               |           8
 CHICAGO NORTH               |           8
 CHICAGO NORTH               |           8
 CITIZEN SHREK               |           8
 CITIZEN SHREK               |           8
 CITIZEN SHREK               |           8
 CITIZEN SHREK               |           8
 CITIZEN SHREK               |           8
 CITIZEN SHREK               |           8
 CITIZEN SHREK               |           8
 CITIZEN SHREK               |           8
 CLUELESS BUCKET             |           8
 CLUELESS BUCKET             |           8
 CLUELESS BUCKET             |           8
 CLUELESS BUCKET             |           8
 CLUELESS BUCKET             |           8
 CLUELESS BUCKET             |           8
 CLUELESS BUCKET             |           8
 CLUELESS BUCKET             |           8
 COMMAND DARLING             |           8
 COMMAND DARLING             |           8
 COMMAND DARLING             |           8
 COMMAND DARLING             |           8
 COMMAND DARLING             |           8
 COMMAND DARLING             |           8
 COMMAND DARLING             |           8
 COMMAND DARLING             |           8
 CROSSROADS CASUALTIES       |           8
 CROSSROADS CASUALTIES       |           8
 CROSSROADS CASUALTIES       |           8
 CROSSROADS CASUALTIES       |           8
 CROSSROADS CASUALTIES       |           8
 CROSSROADS CASUALTIES       |           8
 CROSSROADS CASUALTIES       |           8
 CROSSROADS CASUALTIES       |           8
 CUPBOARD SINNERS            |           8
 CUPBOARD SINNERS            |           8
 CUPBOARD SINNERS            |           8
 CUPBOARD SINNERS            |           8
 CUPBOARD SINNERS            |           8
 CUPBOARD SINNERS            |           8
 CUPBOARD SINNERS            |           8
 CUPBOARD SINNERS            |           8
 DANGEROUS UPTOWN            |           8
 DANGEROUS UPTOWN            |           8
 DANGEROUS UPTOWN            |           8
 DANGEROUS UPTOWN            |           8
 DANGEROUS UPTOWN            |           8
 DANGEROUS UPTOWN            |           8
 DANGEROUS UPTOWN            |           8
 DANGEROUS UPTOWN            |           8
 DOOM DANCING                |           8
 DOOM DANCING                |           8
 DOOM DANCING                |           8
 DOOM DANCING                |           8
 DOOM DANCING                |           8
 DOOM DANCING                |           8
 DOOM DANCING                |           8
 DOOM DANCING                |           8
 DOUBLE WRATH                |           8
 DOUBLE WRATH                |           8
 DOUBLE WRATH                |           8
 DOUBLE WRATH                |           8
 DOUBLE WRATH                |           8
 DOUBLE WRATH                |           8
 DOUBLE WRATH                |           8
 DOUBLE WRATH                |           8
 DRAGON SQUAD                |           8
 DRAGON SQUAD                |           8
 DRAGON SQUAD                |           8
 DRAGON SQUAD                |           8
 DRAGON SQUAD                |           8
 DRAGON SQUAD                |           8
 DRAGON SQUAD                |           8
 DRAGON SQUAD                |           8
 DRIVER ANNIE                |           8
 DRIVER ANNIE                |           8
 DRIVER ANNIE                |           8
 DRIVER ANNIE                |           8
 DRIVER ANNIE                |           8
 DRIVER ANNIE                |           8
 DRIVER ANNIE                |           8
 DRIVER ANNIE                |           8
 DROP WATERFRONT             |           8
 DROP WATERFRONT             |           8
 DROP WATERFRONT             |           8
 DROP WATERFRONT             |           8
 DROP WATERFRONT             |           8
 DROP WATERFRONT             |           8
 DROP WATERFRONT             |           8
 DROP WATERFRONT             |           8
 EXCITEMENT EVE              |           8
 EXCITEMENT EVE              |           8
 EXCITEMENT EVE              |           8
 EXCITEMENT EVE              |           8
 EXCITEMENT EVE              |           8
 EXCITEMENT EVE              |           8
 EXCITEMENT EVE              |           8
 EXCITEMENT EVE              |           8
 EXPRESS LONELY              |           8
 EXPRESS LONELY              |           8
 EXPRESS LONELY              |           8
 EXPRESS LONELY              |           8
 EXPRESS LONELY              |           8
 EXPRESS LONELY              |           8
 EXPRESS LONELY              |           8
 EXPRESS LONELY              |           8
 FICTION CHRISTMAS           |           8
 FICTION CHRISTMAS           |           8
 FICTION CHRISTMAS           |           8
 FICTION CHRISTMAS           |           8
 FICTION CHRISTMAS           |           8
 FICTION CHRISTMAS           |           8
 FICTION CHRISTMAS           |           8
 FICTION CHRISTMAS           |           8
 FLYING HOOK                 |           8
 FLYING HOOK                 |           8
 FLYING HOOK                 |           8
 FLYING HOOK                 |           8
 FLYING HOOK                 |           8
 FLYING HOOK                 |           8
 FLYING HOOK                 |           8
 FLYING HOOK                 |           8
 GABLES METROPOLIS           |           8
 GABLES METROPOLIS           |           8
 GABLES METROPOLIS           |           8
 GABLES METROPOLIS           |           8
 GABLES METROPOLIS           |           8
 GABLES METROPOLIS           |           8
 GABLES METROPOLIS           |           8
 GABLES METROPOLIS           |           8
 GAMES BOWFINGER             |           8
 GAMES BOWFINGER             |           8
 GAMES BOWFINGER             |           8
 GAMES BOWFINGER             |           8
 GAMES BOWFINGER             |           8
 GAMES BOWFINGER             |           8
 GAMES BOWFINGER             |           8
 GAMES BOWFINGER             |           8
 GANDHI KWAI                 |           8
 GANDHI KWAI                 |           8
 GANDHI KWAI                 |           8
 GANDHI KWAI                 |           8
 GANDHI KWAI                 |           8
 GANDHI KWAI                 |           8
 GANDHI KWAI                 |           8
 GANDHI KWAI                 |           8
 GENTLEMEN STAGE             |           8
 GENTLEMEN STAGE             |           8
 GENTLEMEN STAGE             |           8
 GENTLEMEN STAGE             |           8
 GENTLEMEN STAGE             |           8
 GENTLEMEN STAGE             |           8
 GENTLEMEN STAGE             |           8
 GENTLEMEN STAGE             |           8
 GLEAMING JAWBREAKER         |           8
 GLEAMING JAWBREAKER         |           8
 GLEAMING JAWBREAKER         |           8
 GLEAMING JAWBREAKER         |           8
 GLEAMING JAWBREAKER         |           8
 GLEAMING JAWBREAKER         |           8
 GLEAMING JAWBREAKER         |           8
 GLEAMING JAWBREAKER         |           8
 GOODFELLAS SALUTE           |           8
 GOODFELLAS SALUTE           |           8
 GOODFELLAS SALUTE           |           8
 GOODFELLAS SALUTE           |           8
 GOODFELLAS SALUTE           |           8
 GOODFELLAS SALUTE           |           8
 GOODFELLAS SALUTE           |           8
 GOODFELLAS SALUTE           |           8
 GREEDY ROOTS                |           8
 GREEDY ROOTS                |           8
 GREEDY ROOTS                |           8
 GREEDY ROOTS                |           8
 GREEDY ROOTS                |           8
 GREEDY ROOTS                |           8
 GREEDY ROOTS                |           8
 GREEDY ROOTS                |           8
 HOBBIT ALIEN                |           8
 HOBBIT ALIEN                |           8
 HOBBIT ALIEN                |           8
 HOBBIT ALIEN                |           8
 HOBBIT ALIEN                |           8
 HOBBIT ALIEN                |           8
 HOBBIT ALIEN                |           8
 HOBBIT ALIEN                |           8
 HOMICIDE PEACH              |           8
 HOMICIDE PEACH              |           8
 HOMICIDE PEACH              |           8
 HOMICIDE PEACH              |           8
 HOMICIDE PEACH              |           8
 HOMICIDE PEACH              |           8
 HOMICIDE PEACH              |           8
 HOMICIDE PEACH              |           8
 HORN WORKING                |           8
 HORN WORKING                |           8
 HORN WORKING                |           8
 HORN WORKING                |           8
 HORN WORKING                |           8
 HORN WORKING                |           8
 HORN WORKING                |           8
 HORN WORKING                |           8
 IDOLS SNATCHERS             |           8
 IDOLS SNATCHERS             |           8
 IDOLS SNATCHERS             |           8
 IDOLS SNATCHERS             |           8
 IDOLS SNATCHERS             |           8
 IDOLS SNATCHERS             |           8
 IDOLS SNATCHERS             |           8
 IDOLS SNATCHERS             |           8
 IRON MOON                   |           8
 IRON MOON                   |           8
 IRON MOON                   |           8
 IRON MOON                   |           8
 IRON MOON                   |           8
 IRON MOON                   |           8
 IRON MOON                   |           8
 IRON MOON                   |           8
 JADE BUNCH                  |           8
 JADE BUNCH                  |           8
 JADE BUNCH                  |           8
 JADE BUNCH                  |           8
 JADE BUNCH                  |           8
 JADE BUNCH                  |           8
 JADE BUNCH                  |           8
 JADE BUNCH                  |           8
 JERK PAYCHECK               |           8
 JERK PAYCHECK               |           8
 JERK PAYCHECK               |           8
 JERK PAYCHECK               |           8
 JERK PAYCHECK               |           8
 JERK PAYCHECK               |           8
 JERK PAYCHECK               |           8
 JERK PAYCHECK               |           8
 JUMPING WRATH               |           8
 JUMPING WRATH               |           8
 JUMPING WRATH               |           8
 JUMPING WRATH               |           8
 JUMPING WRATH               |           8
 JUMPING WRATH               |           8
 JUMPING WRATH               |           8
 JUMPING WRATH               |           8
 KARATE MOON                 |           8
 KARATE MOON                 |           8
 KARATE MOON                 |           8
 KARATE MOON                 |           8
 KARATE MOON                 |           8
 KARATE MOON                 |           8
 KARATE MOON                 |           8
 KARATE MOON                 |           8
 KRAMER CHOCOLATE            |           8
 KRAMER CHOCOLATE            |           8
 KRAMER CHOCOLATE            |           8
 KRAMER CHOCOLATE            |           8
 KRAMER CHOCOLATE            |           8
 KRAMER CHOCOLATE            |           8
 KRAMER CHOCOLATE            |           8
 KRAMER CHOCOLATE            |           8
 LADY STAGE                  |           8
 LADY STAGE                  |           8
 LADY STAGE                  |           8
 LADY STAGE                  |           8
 LADY STAGE                  |           8
 LADY STAGE                  |           8
 LADY STAGE                  |           8
 LADY STAGE                  |           8
 LICENSE WEEKEND             |           8
 LICENSE WEEKEND             |           8
 LICENSE WEEKEND             |           8
 LICENSE WEEKEND             |           8
 LICENSE WEEKEND             |           8
 LICENSE WEEKEND             |           8
 LICENSE WEEKEND             |           8
 LICENSE WEEKEND             |           8
 LIFE TWISTED                |           8
 LIFE TWISTED                |           8
 LIFE TWISTED                |           8
 LIFE TWISTED                |           8
 LIFE TWISTED                |           8
 LIFE TWISTED                |           8
 LIFE TWISTED                |           8
 LIFE TWISTED                |           8
 MAIDEN HOME                 |           8
 MAIDEN HOME                 |           8
 MAIDEN HOME                 |           8
 MAIDEN HOME                 |           8
 MAIDEN HOME                 |           8
 MAIDEN HOME                 |           8
 MAIDEN HOME                 |           8
 MAIDEN HOME                 |           8
 METAL ARMAGEDDON            |           8
 METAL ARMAGEDDON            |           8
 METAL ARMAGEDDON            |           8
 METAL ARMAGEDDON            |           8
 METAL ARMAGEDDON            |           8
 METAL ARMAGEDDON            |           8
 METAL ARMAGEDDON            |           8
 METAL ARMAGEDDON            |           8
 MIGHTY LUCK                 |           8
 MIGHTY LUCK                 |           8
 MIGHTY LUCK                 |           8
 MIGHTY LUCK                 |           8
 MIGHTY LUCK                 |           8
 MIGHTY LUCK                 |           8
 MIGHTY LUCK                 |           8
 MIGHTY LUCK                 |           8
 MODEL FISH                  |           8
 MODEL FISH                  |           8
 MODEL FISH                  |           8
 MODEL FISH                  |           8
 MODEL FISH                  |           8
 MODEL FISH                  |           8
 MODEL FISH                  |           8
 MODEL FISH                  |           8
 MOTIONS DETAILS             |           8
 MOTIONS DETAILS             |           8
 MOTIONS DETAILS             |           8
 MOTIONS DETAILS             |           8
 MOTIONS DETAILS             |           8
 MOTIONS DETAILS             |           8
 MOTIONS DETAILS             |           8
 MOTIONS DETAILS             |           8
 MOVIE SHAKESPEARE           |           8
 MOVIE SHAKESPEARE           |           8
 MOVIE SHAKESPEARE           |           8
 MOVIE SHAKESPEARE           |           8
 MOVIE SHAKESPEARE           |           8
 MOVIE SHAKESPEARE           |           8
 MOVIE SHAKESPEARE           |           8
 MOVIE SHAKESPEARE           |           8
 MUPPET MILE                 |           8
 MUPPET MILE                 |           8
 MUPPET MILE                 |           8
 MUPPET MILE                 |           8
 MUPPET MILE                 |           8
 MUPPET MILE                 |           8
 MUPPET MILE                 |           8
 MUPPET MILE                 |           8
 MURDER ANTITRUST            |           8
 MURDER ANTITRUST            |           8
 MURDER ANTITRUST            |           8
 MURDER ANTITRUST            |           8
 MURDER ANTITRUST            |           8
 MURDER ANTITRUST            |           8
 MURDER ANTITRUST            |           8
 MURDER ANTITRUST            |           8
 NECKLACE OUTBREAK           |           8
 NECKLACE OUTBREAK           |           8
 NECKLACE OUTBREAK           |           8
 NECKLACE OUTBREAK           |           8
 NECKLACE OUTBREAK           |           8
 NECKLACE OUTBREAK           |           8
 NECKLACE OUTBREAK           |           8
 NECKLACE OUTBREAK           |           8
 NEWSIES STORY               |           8
 NEWSIES STORY               |           8
 NEWSIES STORY               |           8
 NEWSIES STORY               |           8
 NEWSIES STORY               |           8
 NEWSIES STORY               |           8
 NEWSIES STORY               |           8
 NEWSIES STORY               |           8
 NORTHWEST POLISH            |           8
 NORTHWEST POLISH            |           8
 NORTHWEST POLISH            |           8
 NORTHWEST POLISH            |           8
 NORTHWEST POLISH            |           8
 NORTHWEST POLISH            |           8
 NORTHWEST POLISH            |           8
 NORTHWEST POLISH            |           8
 PACIFIC AMISTAD             |           8
 PACIFIC AMISTAD             |           8
 PACIFIC AMISTAD             |           8
 PACIFIC AMISTAD             |           8
 PACIFIC AMISTAD             |           8
 PACIFIC AMISTAD             |           8
 PACIFIC AMISTAD             |           8
 PACIFIC AMISTAD             |           8
 PANKY SUBMARINE             |           8
 PANKY SUBMARINE             |           8
 PANKY SUBMARINE             |           8
 PANKY SUBMARINE             |           8
 PANKY SUBMARINE             |           8
 PANKY SUBMARINE             |           8
 PANKY SUBMARINE             |           8
 PANKY SUBMARINE             |           8
 PURPLE MOVIE                |           8
 PURPLE MOVIE                |           8
 PURPLE MOVIE                |           8
 PURPLE MOVIE                |           8
 PURPLE MOVIE                |           8
 PURPLE MOVIE                |           8
 PURPLE MOVIE                |           8
 PURPLE MOVIE                |           8
 REAR TRADING                |           8
 REAR TRADING                |           8
 REAR TRADING                |           8
 REAR TRADING                |           8
 REAR TRADING                |           8
 REAR TRADING                |           8
 REAR TRADING                |           8
 REAR TRADING                |           8
 RECORDS ZORRO               |           8
 RECORDS ZORRO               |           8
 RECORDS ZORRO               |           8
 RECORDS ZORRO               |           8
 RECORDS ZORRO               |           8
 RECORDS ZORRO               |           8
 RECORDS ZORRO               |           8
 RECORDS ZORRO               |           8
 REQUIEM TYCOON              |           8
 REQUIEM TYCOON              |           8
 REQUIEM TYCOON              |           8
 REQUIEM TYCOON              |           8
 REQUIEM TYCOON              |           8
 REQUIEM TYCOON              |           8
 REQUIEM TYCOON              |           8
 REQUIEM TYCOON              |           8
 RESERVOIR ADAPTATION        |           8
 RESERVOIR ADAPTATION        |           8
 RESERVOIR ADAPTATION        |           8
 RESERVOIR ADAPTATION        |           8
 RESERVOIR ADAPTATION        |           8
 RESERVOIR ADAPTATION        |           8
 RESERVOIR ADAPTATION        |           8
 RESERVOIR ADAPTATION        |           8
 ROAD ROXANNE                |           8
 ROAD ROXANNE                |           8
 ROAD ROXANNE                |           8
 ROAD ROXANNE                |           8
 ROAD ROXANNE                |           8
 ROAD ROXANNE                |           8
 ROAD ROXANNE                |           8
 ROAD ROXANNE                |           8
 ROCK INSTINCT               |           8
 ROCK INSTINCT               |           8
 ROCK INSTINCT               |           8
 ROCK INSTINCT               |           8
 ROCK INSTINCT               |           8
 ROCK INSTINCT               |           8
 ROCK INSTINCT               |           8
 ROCK INSTINCT               |           8
 RUNNER MADIGAN              |           8
 RUNNER MADIGAN              |           8
 RUNNER MADIGAN              |           8
 RUNNER MADIGAN              |           8
 RUNNER MADIGAN              |           8
 RUNNER MADIGAN              |           8
 RUNNER MADIGAN              |           8
 RUNNER MADIGAN              |           8
 SCHOOL JACKET               |           8
 SCHOOL JACKET               |           8
 SCHOOL JACKET               |           8
 SCHOOL JACKET               |           8
 SCHOOL JACKET               |           8
 SCHOOL JACKET               |           8
 SCHOOL JACKET               |           8
 SCHOOL JACKET               |           8
 SCORPION APOLLO             |           8
 SCORPION APOLLO             |           8
 SCORPION APOLLO             |           8
 SCORPION APOLLO             |           8
 SCORPION APOLLO             |           8
 SCORPION APOLLO             |           8
 SCORPION APOLLO             |           8
 SCORPION APOLLO             |           8
 SEA VIRGIN                  |           8
 SEA VIRGIN                  |           8
 SEA VIRGIN                  |           8
 SEA VIRGIN                  |           8
 SEA VIRGIN                  |           8
 SEA VIRGIN                  |           8
 SEA VIRGIN                  |           8
 SEA VIRGIN                  |           8
 SHANGHAI TYCOON             |           8
 SHANGHAI TYCOON             |           8
 SHANGHAI TYCOON             |           8
 SHANGHAI TYCOON             |           8
 SHANGHAI TYCOON             |           8
 SHANGHAI TYCOON             |           8
 SHANGHAI TYCOON             |           8
 SHANGHAI TYCOON             |           8
 SHIP WONDERLAND             |           8
 SHIP WONDERLAND             |           8
 SHIP WONDERLAND             |           8
 SHIP WONDERLAND             |           8
 SHIP WONDERLAND             |           8
 SHIP WONDERLAND             |           8
 SHIP WONDERLAND             |           8
 SHIP WONDERLAND             |           8
 SMILE EARRING               |           8
 SMILE EARRING               |           8
 SMILE EARRING               |           8
 SMILE EARRING               |           8
 SMILE EARRING               |           8
 SMILE EARRING               |           8
 SMILE EARRING               |           8
 SMILE EARRING               |           8
 SPINAL ROCKY                |           8
 SPINAL ROCKY                |           8
 SPINAL ROCKY                |           8
 SPINAL ROCKY                |           8
 SPINAL ROCKY                |           8
 SPINAL ROCKY                |           8
 SPINAL ROCKY                |           8
 SPINAL ROCKY                |           8
 SPY MILE                    |           8
 SPY MILE                    |           8
 SPY MILE                    |           8
 SPY MILE                    |           8
 SPY MILE                    |           8
 SPY MILE                    |           8
 SPY MILE                    |           8
 SPY MILE                    |           8
 STORM HAPPINESS             |           8
 STORM HAPPINESS             |           8
 STORM HAPPINESS             |           8
 STORM HAPPINESS             |           8
 STORM HAPPINESS             |           8
 STORM HAPPINESS             |           8
 STORM HAPPINESS             |           8
 STORM HAPPINESS             |           8
 SUMMER SCARFACE             |           8
 SUMMER SCARFACE             |           8
 SUMMER SCARFACE             |           8
 SUMMER SCARFACE             |           8
 SUMMER SCARFACE             |           8
 SUMMER SCARFACE             |           8
 SUMMER SCARFACE             |           8
 SUMMER SCARFACE             |           8
 SUSPECTS QUILLS             |           8
 SUSPECTS QUILLS             |           8
 SUSPECTS QUILLS             |           8
 SUSPECTS QUILLS             |           8
 SUSPECTS QUILLS             |           8
 SUSPECTS QUILLS             |           8
 SUSPECTS QUILLS             |           8
 SUSPECTS QUILLS             |           8
 TADPOLE PARK                |           8
 TADPOLE PARK                |           8
 TADPOLE PARK                |           8
 TADPOLE PARK                |           8
 TADPOLE PARK                |           8
 TADPOLE PARK                |           8
 TADPOLE PARK                |           8
 TADPOLE PARK                |           8
 TROJAN TOMORROW             |           8
 TROJAN TOMORROW             |           8
 TROJAN TOMORROW             |           8
 TROJAN TOMORROW             |           8
 TROJAN TOMORROW             |           8
 TROJAN TOMORROW             |           8
 TROJAN TOMORROW             |           8
 TROJAN TOMORROW             |           8
 TROUBLE DATE                |           8
 TROUBLE DATE                |           8
 TROUBLE DATE                |           8
 TROUBLE DATE                |           8
 TROUBLE DATE                |           8
 TROUBLE DATE                |           8
 TROUBLE DATE                |           8
 TROUBLE DATE                |           8
 UNBREAKABLE KARATE          |           8
 UNBREAKABLE KARATE          |           8
 UNBREAKABLE KARATE          |           8
 UNBREAKABLE KARATE          |           8
 UNBREAKABLE KARATE          |           8
 UNBREAKABLE KARATE          |           8
 UNBREAKABLE KARATE          |           8
 UNBREAKABLE KARATE          |           8
 UNFAITHFUL KILL             |           8
 UNFAITHFUL KILL             |           8
 UNFAITHFUL KILL             |           8
 UNFAITHFUL KILL             |           8
 UNFAITHFUL KILL             |           8
 UNFAITHFUL KILL             |           8
 UNFAITHFUL KILL             |           8
 UNFAITHFUL KILL             |           8
 VIRGIN DAISY                |           8
 VIRGIN DAISY                |           8
 VIRGIN DAISY                |           8
 VIRGIN DAISY                |           8
 VIRGIN DAISY                |           8
 VIRGIN DAISY                |           8
 VIRGIN DAISY                |           8
 VIRGIN DAISY                |           8
 VIRGINIAN PLUTO             |           8
 VIRGINIAN PLUTO             |           8
 VIRGINIAN PLUTO             |           8
 VIRGINIAN PLUTO             |           8
 VIRGINIAN PLUTO             |           8
 VIRGINIAN PLUTO             |           8
 VIRGINIAN PLUTO             |           8
 VIRGINIAN PLUTO             |           8
 WARDROBE PHANTOM            |           8
 WARDROBE PHANTOM            |           8
 WARDROBE PHANTOM            |           8
 WARDROBE PHANTOM            |           8
 WARDROBE PHANTOM            |           8
 WARDROBE PHANTOM            |           8
 WARDROBE PHANTOM            |           8
 WARDROBE PHANTOM            |           8
 WORLD LEATHERNECKS          |           8
 WORLD LEATHERNECKS          |           8
 WORLD LEATHERNECKS          |           8
 WORLD LEATHERNECKS          |           8
 WORLD LEATHERNECKS          |           8
 WORLD LEATHERNECKS          |           8
 WORLD LEATHERNECKS          |           8
 WORLD LEATHERNECKS          |           8
 AGENT TRUMAN                |           7
 AGENT TRUMAN                |           7
 AGENT TRUMAN                |           7
 AGENT TRUMAN                |           7
 AGENT TRUMAN                |           7
 AGENT TRUMAN                |           7
 AGENT TRUMAN                |           7
 ALASKA PHANTOM              |           7
 ALASKA PHANTOM              |           7
 ALASKA PHANTOM              |           7
 ALASKA PHANTOM              |           7
 ALASKA PHANTOM              |           7
 ALASKA PHANTOM              |           7
 ALASKA PHANTOM              |           7
 ANTITRUST TOMATOES          |           7
 ANTITRUST TOMATOES          |           7
 ANTITRUST TOMATOES          |           7
 ANTITRUST TOMATOES          |           7
 ANTITRUST TOMATOES          |           7
 ANTITRUST TOMATOES          |           7
 ANTITRUST TOMATOES          |           7
 ARMAGEDDON LOST             |           7
 ARMAGEDDON LOST             |           7
 ARMAGEDDON LOST             |           7
 ARMAGEDDON LOST             |           7
 ARMAGEDDON LOST             |           7
 ARMAGEDDON LOST             |           7
 ARMAGEDDON LOST             |           7
 ARMY FLINTSTONES            |           7
 ARMY FLINTSTONES            |           7
 ARMY FLINTSTONES            |           7
 ARMY FLINTSTONES            |           7
 ARMY FLINTSTONES            |           7
 ARMY FLINTSTONES            |           7
 ARMY FLINTSTONES            |           7
 ARTIST COLDBLOODED          |           7
 ARTIST COLDBLOODED          |           7
 ARTIST COLDBLOODED          |           7
 ARTIST COLDBLOODED          |           7
 ARTIST COLDBLOODED          |           7
 ARTIST COLDBLOODED          |           7
 ARTIST COLDBLOODED          |           7
 BACKLASH UNDEFEATED         |           7
 BACKLASH UNDEFEATED         |           7
 BACKLASH UNDEFEATED         |           7
 BACKLASH UNDEFEATED         |           7
 BACKLASH UNDEFEATED         |           7
 BACKLASH UNDEFEATED         |           7
 BACKLASH UNDEFEATED         |           7
 BALLROOM MOCKINGBIRD        |           7
 BALLROOM MOCKINGBIRD        |           7
 BALLROOM MOCKINGBIRD        |           7
 BALLROOM MOCKINGBIRD        |           7
 BALLROOM MOCKINGBIRD        |           7
 BALLROOM MOCKINGBIRD        |           7
 BALLROOM MOCKINGBIRD        |           7
 BANG KWAI                   |           7
 BANG KWAI                   |           7
 BANG KWAI                   |           7
 BANG KWAI                   |           7
 BANG KWAI                   |           7
 BANG KWAI                   |           7
 BANG KWAI                   |           7
 BEACH HEARTBREAKERS         |           7
 BEACH HEARTBREAKERS         |           7
 BEACH HEARTBREAKERS         |           7
 BEACH HEARTBREAKERS         |           7
 BEACH HEARTBREAKERS         |           7
 BEACH HEARTBREAKERS         |           7
 BEACH HEARTBREAKERS         |           7
 BEDAZZLED MARRIED           |           7
 BEDAZZLED MARRIED           |           7
 BEDAZZLED MARRIED           |           7
 BEDAZZLED MARRIED           |           7
 BEDAZZLED MARRIED           |           7
 BEDAZZLED MARRIED           |           7
 BEDAZZLED MARRIED           |           7
 BENEATH RUSH                |           7
 BENEATH RUSH                |           7
 BENEATH RUSH                |           7
 BENEATH RUSH                |           7
 BENEATH RUSH                |           7
 BENEATH RUSH                |           7
 BENEATH RUSH                |           7
 BORROWERS BEDAZZLED         |           7
 BORROWERS BEDAZZLED         |           7
 BORROWERS BEDAZZLED         |           7
 BORROWERS BEDAZZLED         |           7
 BORROWERS BEDAZZLED         |           7
 BORROWERS BEDAZZLED         |           7
 BORROWERS BEDAZZLED         |           7
 BUTTERFLY CHOCOLAT          |           7
 BUTTERFLY CHOCOLAT          |           7
 BUTTERFLY CHOCOLAT          |           7
 BUTTERFLY CHOCOLAT          |           7
 BUTTERFLY CHOCOLAT          |           7
 BUTTERFLY CHOCOLAT          |           7
 BUTTERFLY CHOCOLAT          |           7
 CADDYSHACK JEDI             |           7
 CADDYSHACK JEDI             |           7
 CADDYSHACK JEDI             |           7
 CADDYSHACK JEDI             |           7
 CADDYSHACK JEDI             |           7
 CADDYSHACK JEDI             |           7
 CADDYSHACK JEDI             |           7
 CANDLES GRAPES              |           7
 CANDLES GRAPES              |           7
 CANDLES GRAPES              |           7
 CANDLES GRAPES              |           7
 CANDLES GRAPES              |           7
 CANDLES GRAPES              |           7
 CANDLES GRAPES              |           7
 CAPER MOTIONS               |           7
 CAPER MOTIONS               |           7
 CAPER MOTIONS               |           7
 CAPER MOTIONS               |           7
 CAPER MOTIONS               |           7
 CAPER MOTIONS               |           7
 CAPER MOTIONS               |           7
 CAROL TEXAS                 |           7
 CAROL TEXAS                 |           7
 CAROL TEXAS                 |           7
 CAROL TEXAS                 |           7
 CAROL TEXAS                 |           7
 CAROL TEXAS                 |           7
 CAROL TEXAS                 |           7
 CARRIE BUNCH                |           7
 CARRIE BUNCH                |           7
 CARRIE BUNCH                |           7
 CARRIE BUNCH                |           7
 CARRIE BUNCH                |           7
 CARRIE BUNCH                |           7
 CARRIE BUNCH                |           7
 CASSIDY WYOMING             |           7
 CASSIDY WYOMING             |           7
 CASSIDY WYOMING             |           7
 CASSIDY WYOMING             |           7
 CASSIDY WYOMING             |           7
 CASSIDY WYOMING             |           7
 CASSIDY WYOMING             |           7
 CHAMBER ITALIAN             |           7
 CHAMBER ITALIAN             |           7
 CHAMBER ITALIAN             |           7
 CHAMBER ITALIAN             |           7
 CHAMBER ITALIAN             |           7
 CHAMBER ITALIAN             |           7
 CHAMBER ITALIAN             |           7
 CHOCOLATE DUCK              |           7
 CHOCOLATE DUCK              |           7
 CHOCOLATE DUCK              |           7
 CHOCOLATE DUCK              |           7
 CHOCOLATE DUCK              |           7
 CHOCOLATE DUCK              |           7
 CHOCOLATE DUCK              |           7
 CLASH FREDDY                |           7
 CLASH FREDDY                |           7
 CLASH FREDDY                |           7
 CLASH FREDDY                |           7
 CLASH FREDDY                |           7
 CLASH FREDDY                |           7
 CLASH FREDDY                |           7
 CLEOPATRA DEVIL             |           7
 CLEOPATRA DEVIL             |           7
 CLEOPATRA DEVIL             |           7
 CLEOPATRA DEVIL             |           7
 CLEOPATRA DEVIL             |           7
 CLEOPATRA DEVIL             |           7
 CLEOPATRA DEVIL             |           7
 COLOR PHILADELPHIA          |           7
 COLOR PHILADELPHIA          |           7
 COLOR PHILADELPHIA          |           7
 COLOR PHILADELPHIA          |           7
 COLOR PHILADELPHIA          |           7
 COLOR PHILADELPHIA          |           7
 COLOR PHILADELPHIA          |           7
 CONNECTICUT TRAMP           |           7
 CONNECTICUT TRAMP           |           7
 CONNECTICUT TRAMP           |           7
 CONNECTICUT TRAMP           |           7
 CONNECTICUT TRAMP           |           7
 CONNECTICUT TRAMP           |           7
 CONNECTICUT TRAMP           |           7
 CONNECTION MICROCOSMOS      |           7
 CONNECTION MICROCOSMOS      |           7
 CONNECTION MICROCOSMOS      |           7
 CONNECTION MICROCOSMOS      |           7
 CONNECTION MICROCOSMOS      |           7
 CONNECTION MICROCOSMOS      |           7
 CONNECTION MICROCOSMOS      |           7
 DAISY MENAGERIE             |           7
 DAISY MENAGERIE             |           7
 DAISY MENAGERIE             |           7
 DAISY MENAGERIE             |           7
 DAISY MENAGERIE             |           7
 DAISY MENAGERIE             |           7
 DAISY MENAGERIE             |           7
 DEEP CRUSADE                |           7
 DEEP CRUSADE                |           7
 DEEP CRUSADE                |           7
 DEEP CRUSADE                |           7
 DEEP CRUSADE                |           7
 DEEP CRUSADE                |           7
 DEEP CRUSADE                |           7
 DESIRE ALIEN                |           7
 DESIRE ALIEN                |           7
 DESIRE ALIEN                |           7
 DESIRE ALIEN                |           7
 DESIRE ALIEN                |           7
 DESIRE ALIEN                |           7
 DESIRE ALIEN                |           7
 DESTINY SATURDAY            |           7
 DESTINY SATURDAY            |           7
 DESTINY SATURDAY            |           7
 DESTINY SATURDAY            |           7
 DESTINY SATURDAY            |           7
 DESTINY SATURDAY            |           7
 DESTINY SATURDAY            |           7
 DISCIPLE MOTHER             |           7
 DISCIPLE MOTHER             |           7
 DISCIPLE MOTHER             |           7
 DISCIPLE MOTHER             |           7
 DISCIPLE MOTHER             |           7
 DISCIPLE MOTHER             |           7
 DISCIPLE MOTHER             |           7
 DOGMA FAMILY                |           7
 DOGMA FAMILY                |           7
 DOGMA FAMILY                |           7
 DOGMA FAMILY                |           7
 DOGMA FAMILY                |           7
 DOGMA FAMILY                |           7
 DOGMA FAMILY                |           7
 DONNIE ALLEY                |           7
 DONNIE ALLEY                |           7
 DONNIE ALLEY                |           7
 DONNIE ALLEY                |           7
 DONNIE ALLEY                |           7
 DONNIE ALLEY                |           7
 DONNIE ALLEY                |           7
 DRIFTER COMMANDMENTS        |           7
 DRIFTER COMMANDMENTS        |           7
 DRIFTER COMMANDMENTS        |           7
 DRIFTER COMMANDMENTS        |           7
 DRIFTER COMMANDMENTS        |           7
 DRIFTER COMMANDMENTS        |           7
 DRIFTER COMMANDMENTS        |           7
 DRIVING POLISH              |           7
 DRIVING POLISH              |           7
 DRIVING POLISH              |           7
 DRIVING POLISH              |           7
 DRIVING POLISH              |           7
 DRIVING POLISH              |           7
 DRIVING POLISH              |           7
 DRUMS DYNAMITE              |           7
 DRUMS DYNAMITE              |           7
 DRUMS DYNAMITE              |           7
 DRUMS DYNAMITE              |           7
 DRUMS DYNAMITE              |           7
 DRUMS DYNAMITE              |           7
 DRUMS DYNAMITE              |           7
 DUDE BLINDNESS              |           7
 DUDE BLINDNESS              |           7
 DUDE BLINDNESS              |           7
 DUDE BLINDNESS              |           7
 DUDE BLINDNESS              |           7
 DUDE BLINDNESS              |           7
 DUDE BLINDNESS              |           7
 EFFECT GLADIATOR            |           7
 EFFECT GLADIATOR            |           7
 EFFECT GLADIATOR            |           7
 EFFECT GLADIATOR            |           7
 EFFECT GLADIATOR            |           7
 EFFECT GLADIATOR            |           7
 EFFECT GLADIATOR            |           7
 EXTRAORDINARY CONQUERER     |           7
 EXTRAORDINARY CONQUERER     |           7
 EXTRAORDINARY CONQUERER     |           7
 EXTRAORDINARY CONQUERER     |           7
 EXTRAORDINARY CONQUERER     |           7
 EXTRAORDINARY CONQUERER     |           7
 EXTRAORDINARY CONQUERER     |           7
 FELLOWSHIP AUTUMN           |           7
 FELLOWSHIP AUTUMN           |           7
 FELLOWSHIP AUTUMN           |           7
 FELLOWSHIP AUTUMN           |           7
 FELLOWSHIP AUTUMN           |           7
 FELLOWSHIP AUTUMN           |           7
 FELLOWSHIP AUTUMN           |           7
 FLASH WARS                  |           7
 FLASH WARS                  |           7
 FLASH WARS                  |           7
 FLASH WARS                  |           7
 FLASH WARS                  |           7
 FLASH WARS                  |           7
 FLASH WARS                  |           7
 FRENCH HOLIDAY              |           7
 FRENCH HOLIDAY              |           7
 FRENCH HOLIDAY              |           7
 FRENCH HOLIDAY              |           7
 FRENCH HOLIDAY              |           7
 FRENCH HOLIDAY              |           7
 FRENCH HOLIDAY              |           7
 FROST HEAD                  |           7
 FROST HEAD                  |           7
 FROST HEAD                  |           7
 FROST HEAD                  |           7
 FROST HEAD                  |           7
 FROST HEAD                  |           7
 FROST HEAD                  |           7
 GOLDMINE TYCOON             |           7
 GOLDMINE TYCOON             |           7
 GOLDMINE TYCOON             |           7
 GOLDMINE TYCOON             |           7
 GOLDMINE TYCOON             |           7
 GOLDMINE TYCOON             |           7
 GOLDMINE TYCOON             |           7
 GORGEOUS BINGO              |           7
 GORGEOUS BINGO              |           7
 GORGEOUS BINGO              |           7
 GORGEOUS BINGO              |           7
 GORGEOUS BINGO              |           7
 GORGEOUS BINGO              |           7
 GORGEOUS BINGO              |           7
 GROOVE FICTION              |           7
 GROOVE FICTION              |           7
 GROOVE FICTION              |           7
 GROOVE FICTION              |           7
 GROOVE FICTION              |           7
 GROOVE FICTION              |           7
 GROOVE FICTION              |           7
 GROUNDHOG UNCUT             |           7
 GROUNDHOG UNCUT             |           7
 GROUNDHOG UNCUT             |           7
 GROUNDHOG UNCUT             |           7
 GROUNDHOG UNCUT             |           7
 GROUNDHOG UNCUT             |           7
 GROUNDHOG UNCUT             |           7
 HALLOWEEN NUTS              |           7
 HALLOWEEN NUTS              |           7
 HALLOWEEN NUTS              |           7
 HALLOWEEN NUTS              |           7
 HALLOWEEN NUTS              |           7
 HALLOWEEN NUTS              |           7
 HALLOWEEN NUTS              |           7
 HANDICAP BOONDOCK           |           7
 HANDICAP BOONDOCK           |           7
 HANDICAP BOONDOCK           |           7
 HANDICAP BOONDOCK           |           7
 HANDICAP BOONDOCK           |           7
 HANDICAP BOONDOCK           |           7
 HANDICAP BOONDOCK           |           7
 HANGING DEEP                |           7
 HANGING DEEP                |           7
 HANGING DEEP                |           7
 HANGING DEEP                |           7
 HANGING DEEP                |           7
 HANGING DEEP                |           7
 HANGING DEEP                |           7
 HANOVER GALAXY              |           7
 HANOVER GALAXY              |           7
 HANOVER GALAXY              |           7
 HANOVER GALAXY              |           7
 HANOVER GALAXY              |           7
 HANOVER GALAXY              |           7
 HANOVER GALAXY              |           7
 HAROLD FRENCH               |           7
 HAROLD FRENCH               |           7
 HAROLD FRENCH               |           7
 HAROLD FRENCH               |           7
 HAROLD FRENCH               |           7
 HAROLD FRENCH               |           7
 HAROLD FRENCH               |           7
 HAWK CHILL                  |           7
 HAWK CHILL                  |           7
 HAWK CHILL                  |           7
 HAWK CHILL                  |           7
 HAWK CHILL                  |           7
 HAWK CHILL                  |           7
 HAWK CHILL                  |           7
 HIGH ENCINO                 |           7
 HIGH ENCINO                 |           7
 HIGH ENCINO                 |           7
 HIGH ENCINO                 |           7
 HIGH ENCINO                 |           7
 HIGH ENCINO                 |           7
 HIGH ENCINO                 |           7
 HOMEWARD CIDER              |           7
 HOMEWARD CIDER              |           7
 HOMEWARD CIDER              |           7
 HOMEWARD CIDER              |           7
 HOMEWARD CIDER              |           7
 HOMEWARD CIDER              |           7
 HOMEWARD CIDER              |           7
 ILLUSION AMELIE             |           7
 ILLUSION AMELIE             |           7
 ILLUSION AMELIE             |           7
 ILLUSION AMELIE             |           7
 ILLUSION AMELIE             |           7
 ILLUSION AMELIE             |           7
 ILLUSION AMELIE             |           7
 INTRIGUE WORST              |           7
 INTRIGUE WORST              |           7
 INTRIGUE WORST              |           7
 INTRIGUE WORST              |           7
 INTRIGUE WORST              |           7
 INTRIGUE WORST              |           7
 INTRIGUE WORST              |           7
 INVASION CYCLONE            |           7
 INVASION CYCLONE            |           7
 INVASION CYCLONE            |           7
 INVASION CYCLONE            |           7
 INVASION CYCLONE            |           7
 INVASION CYCLONE            |           7
 INVASION CYCLONE            |           7
 KISS GLORY                  |           7
 KISS GLORY                  |           7
 KISS GLORY                  |           7
 KISS GLORY                  |           7
 KISS GLORY                  |           7
 KISS GLORY                  |           7
 KISS GLORY                  |           7
 LEATHERNECKS DWARFS         |           7
 LEATHERNECKS DWARFS         |           7
 LEATHERNECKS DWARFS         |           7
 LEATHERNECKS DWARFS         |           7
 LEATHERNECKS DWARFS         |           7
 LEATHERNECKS DWARFS         |           7
 LEATHERNECKS DWARFS         |           7
 LIBERTY MAGNIFICENT         |           7
 LIBERTY MAGNIFICENT         |           7
 LIBERTY MAGNIFICENT         |           7
 LIBERTY MAGNIFICENT         |           7
 LIBERTY MAGNIFICENT         |           7
 LIBERTY MAGNIFICENT         |           7
 LIBERTY MAGNIFICENT         |           7
 LIES TREATMENT              |           7
 LIES TREATMENT              |           7
 LIES TREATMENT              |           7
 LIES TREATMENT              |           7
 LIES TREATMENT              |           7
 LIES TREATMENT              |           7
 LIES TREATMENT              |           7
 LOVER TRUMAN                |           7
 LOVER TRUMAN                |           7
 LOVER TRUMAN                |           7
 LOVER TRUMAN                |           7
 LOVER TRUMAN                |           7
 LOVER TRUMAN                |           7
 LOVER TRUMAN                |           7
 LUST LOCK                   |           7
 LUST LOCK                   |           7
 LUST LOCK                   |           7
 LUST LOCK                   |           7
 LUST LOCK                   |           7
 LUST LOCK                   |           7
 LUST LOCK                   |           7
 MADNESS ATTACKS             |           7
 MADNESS ATTACKS             |           7
 MADNESS ATTACKS             |           7
 MADNESS ATTACKS             |           7
 MADNESS ATTACKS             |           7
 MADNESS ATTACKS             |           7
 MADNESS ATTACKS             |           7
 MAGNIFICENT CHITTY          |           7
 MAGNIFICENT CHITTY          |           7
 MAGNIFICENT CHITTY          |           7
 MAGNIFICENT CHITTY          |           7
 MAGNIFICENT CHITTY          |           7
 MAGNIFICENT CHITTY          |           7
 MAGNIFICENT CHITTY          |           7
 MAGNOLIA FORRESTER          |           7
 MAGNOLIA FORRESTER          |           7
 MAGNOLIA FORRESTER          |           7
 MAGNOLIA FORRESTER          |           7
 MAGNOLIA FORRESTER          |           7
 MAGNOLIA FORRESTER          |           7
 MAGNOLIA FORRESTER          |           7
 MALKOVICH PET               |           7
 MALKOVICH PET               |           7
 MALKOVICH PET               |           7
 MALKOVICH PET               |           7
 MALKOVICH PET               |           7
 MALKOVICH PET               |           7
 MALKOVICH PET               |           7
 MARS ROMAN                  |           7
 MARS ROMAN                  |           7
 MARS ROMAN                  |           7
 MARS ROMAN                  |           7
 MARS ROMAN                  |           7
 MARS ROMAN                  |           7
 MARS ROMAN                  |           7
 MONEY HAROLD                |           7
 MONEY HAROLD                |           7
 MONEY HAROLD                |           7
 MONEY HAROLD                |           7
 MONEY HAROLD                |           7
 MONEY HAROLD                |           7
 MONEY HAROLD                |           7
 MONSTER SPARTACUS           |           7
 MONSTER SPARTACUS           |           7
 MONSTER SPARTACUS           |           7
 MONSTER SPARTACUS           |           7
 MONSTER SPARTACUS           |           7
 MONSTER SPARTACUS           |           7
 MONSTER SPARTACUS           |           7
 MOONWALKER FOOL             |           7
 MOONWALKER FOOL             |           7
 MOONWALKER FOOL             |           7
 MOONWALKER FOOL             |           7
 MOONWALKER FOOL             |           7
 MOONWALKER FOOL             |           7
 MOONWALKER FOOL             |           7
 MOURNING PURPLE             |           7
 MOURNING PURPLE             |           7
 MOURNING PURPLE             |           7
 MOURNING PURPLE             |           7
 MOURNING PURPLE             |           7
 MOURNING PURPLE             |           7
 MOURNING PURPLE             |           7
 MUSSOLINI SPOILERS          |           7
 MUSSOLINI SPOILERS          |           7
 MUSSOLINI SPOILERS          |           7
 MUSSOLINI SPOILERS          |           7
 MUSSOLINI SPOILERS          |           7
 MUSSOLINI SPOILERS          |           7
 MUSSOLINI SPOILERS          |           7
 NASH CHOCOLAT               |           7
 NASH CHOCOLAT               |           7
 NASH CHOCOLAT               |           7
 NASH CHOCOLAT               |           7
 NASH CHOCOLAT               |           7
 NASH CHOCOLAT               |           7
 NASH CHOCOLAT               |           7
 NATIONAL STORY              |           7
 NATIONAL STORY              |           7
 NATIONAL STORY              |           7
 NATIONAL STORY              |           7
 NATIONAL STORY              |           7
 NATIONAL STORY              |           7
 NATIONAL STORY              |           7
 NEIGHBORS CHARADE           |           7
 NEIGHBORS CHARADE           |           7
 NEIGHBORS CHARADE           |           7
 NEIGHBORS CHARADE           |           7
 NEIGHBORS CHARADE           |           7
 NEIGHBORS CHARADE           |           7
 NEIGHBORS CHARADE           |           7
 ORDER BETRAYED              |           7
 ORDER BETRAYED              |           7
 ORDER BETRAYED              |           7
 ORDER BETRAYED              |           7
 ORDER BETRAYED              |           7
 ORDER BETRAYED              |           7
 ORDER BETRAYED              |           7
 OUTLAW HANKY                |           7
 OUTLAW HANKY                |           7
 OUTLAW HANKY                |           7
 OUTLAW HANKY                |           7
 OUTLAW HANKY                |           7
 OUTLAW HANKY                |           7
 OUTLAW HANKY                |           7
 PET HAUNTING                |           7
 PET HAUNTING                |           7
 PET HAUNTING                |           7
 PET HAUNTING                |           7
 PET HAUNTING                |           7
 PET HAUNTING                |           7
 PET HAUNTING                |           7
 PILOT HOOSIERS              |           7
 PILOT HOOSIERS              |           7
 PILOT HOOSIERS              |           7
 PILOT HOOSIERS              |           7
 PILOT HOOSIERS              |           7
 PILOT HOOSIERS              |           7
 PILOT HOOSIERS              |           7
 PLUTO OLEANDER              |           7
 PLUTO OLEANDER              |           7
 PLUTO OLEANDER              |           7
 PLUTO OLEANDER              |           7
 PLUTO OLEANDER              |           7
 PLUTO OLEANDER              |           7
 PLUTO OLEANDER              |           7
 POTTER CONNECTICUT          |           7
 POTTER CONNECTICUT          |           7
 POTTER CONNECTICUT          |           7
 POTTER CONNECTICUT          |           7
 POTTER CONNECTICUT          |           7
 POTTER CONNECTICUT          |           7
 POTTER CONNECTICUT          |           7
 PRIMARY GLASS               |           7
 PRIMARY GLASS               |           7
 PRIMARY GLASS               |           7
 PRIMARY GLASS               |           7
 PRIMARY GLASS               |           7
 PRIMARY GLASS               |           7
 PRIMARY GLASS               |           7
 PRIX UNDEFEATED             |           7
 PRIX UNDEFEATED             |           7
 PRIX UNDEFEATED             |           7
 PRIX UNDEFEATED             |           7
 PRIX UNDEFEATED             |           7
 PRIX UNDEFEATED             |           7
 PRIX UNDEFEATED             |           7
 PULP BEVERLY                |           7
 PULP BEVERLY                |           7
 PULP BEVERLY                |           7
 PULP BEVERLY                |           7
 PULP BEVERLY                |           7
 PULP BEVERLY                |           7
 PULP BEVERLY                |           7
 PUNK DIVORCE                |           7
 PUNK DIVORCE                |           7
 PUNK DIVORCE                |           7
 PUNK DIVORCE                |           7
 PUNK DIVORCE                |           7
 PUNK DIVORCE                |           7
 PUNK DIVORCE                |           7
 RAGE GAMES                  |           7
 RAGE GAMES                  |           7
 RAGE GAMES                  |           7
 RAGE GAMES                  |           7
 RAGE GAMES                  |           7
 RAGE GAMES                  |           7
 RAGE GAMES                  |           7
 REUNION WITCHES             |           7
 REUNION WITCHES             |           7
 REUNION WITCHES             |           7
 REUNION WITCHES             |           7
 REUNION WITCHES             |           7
 REUNION WITCHES             |           7
 REUNION WITCHES             |           7
 RIGHT CRANES                |           7
 RIGHT CRANES                |           7
 RIGHT CRANES                |           7
 RIGHT CRANES                |           7
 RIGHT CRANES                |           7
 RIGHT CRANES                |           7
 RIGHT CRANES                |           7
 ROCKETEER MOTHER            |           7
 ROCKETEER MOTHER            |           7
 ROCKETEER MOTHER            |           7
 ROCKETEER MOTHER            |           7
 ROCKETEER MOTHER            |           7
 ROCKETEER MOTHER            |           7
 ROCKETEER MOTHER            |           7
 RUSHMORE MERMAID            |           7
 RUSHMORE MERMAID            |           7
 RUSHMORE MERMAID            |           7
 RUSHMORE MERMAID            |           7
 RUSHMORE MERMAID            |           7
 RUSHMORE MERMAID            |           7
 RUSHMORE MERMAID            |           7
 SAGEBRUSH CLUELESS          |           7
 SAGEBRUSH CLUELESS          |           7
 SAGEBRUSH CLUELESS          |           7
 SAGEBRUSH CLUELESS          |           7
 SAGEBRUSH CLUELESS          |           7
 SAGEBRUSH CLUELESS          |           7
 SAGEBRUSH CLUELESS          |           7
 SCARFACE BANG               |           7
 SCARFACE BANG               |           7
 SCARFACE BANG               |           7
 SCARFACE BANG               |           7
 SCARFACE BANG               |           7
 SCARFACE BANG               |           7
 SCARFACE BANG               |           7
 SENSE GREEK                 |           7
 SENSE GREEK                 |           7
 SENSE GREEK                 |           7
 SENSE GREEK                 |           7
 SENSE GREEK                 |           7
 SENSE GREEK                 |           7
 SENSE GREEK                 |           7
 SEVEN SWARM                 |           7
 SEVEN SWARM                 |           7
 SEVEN SWARM                 |           7
 SEVEN SWARM                 |           7
 SEVEN SWARM                 |           7
 SEVEN SWARM                 |           7
 SEVEN SWARM                 |           7
 SIEGE MADRE                 |           7
 SIEGE MADRE                 |           7
 SIEGE MADRE                 |           7
 SIEGE MADRE                 |           7
 SIEGE MADRE                 |           7
 SIEGE MADRE                 |           7
 SIEGE MADRE                 |           7
 SLEUTH ORIENT               |           7
 SLEUTH ORIENT               |           7
 SLEUTH ORIENT               |           7
 SLEUTH ORIENT               |           7
 SLEUTH ORIENT               |           7
 SLEUTH ORIENT               |           7
 SLEUTH ORIENT               |           7
 SLIPPER FIDELITY            |           7
 SLIPPER FIDELITY            |           7
 SLIPPER FIDELITY            |           7
 SLIPPER FIDELITY            |           7
 SLIPPER FIDELITY            |           7
 SLIPPER FIDELITY            |           7
 SLIPPER FIDELITY            |           7
 SPOILERS HELLFIGHTERS       |           7
 SPOILERS HELLFIGHTERS       |           7
 SPOILERS HELLFIGHTERS       |           7
 SPOILERS HELLFIGHTERS       |           7
 SPOILERS HELLFIGHTERS       |           7
 SPOILERS HELLFIGHTERS       |           7
 SPOILERS HELLFIGHTERS       |           7
 STALLION SUNDANCE           |           7
 STALLION SUNDANCE           |           7
 STALLION SUNDANCE           |           7
 STALLION SUNDANCE           |           7
 STALLION SUNDANCE           |           7
 STALLION SUNDANCE           |           7
 STALLION SUNDANCE           |           7
 STATE WASTELAND             |           7
 STATE WASTELAND             |           7
 STATE WASTELAND             |           7
 STATE WASTELAND             |           7
 STATE WASTELAND             |           7
 STATE WASTELAND             |           7
 STATE WASTELAND             |           7
 STING PERSONAL              |           7
 STING PERSONAL              |           7
 STING PERSONAL              |           7
 STING PERSONAL              |           7
 STING PERSONAL              |           7
 STING PERSONAL              |           7
 STING PERSONAL              |           7
 STOCK GLASS                 |           7
 STOCK GLASS                 |           7
 STOCK GLASS                 |           7
 STOCK GLASS                 |           7
 STOCK GLASS                 |           7
 STOCK GLASS                 |           7
 STOCK GLASS                 |           7
 STREETCAR INTENTIONS        |           7
 STREETCAR INTENTIONS        |           7
 STREETCAR INTENTIONS        |           7
 STREETCAR INTENTIONS        |           7
 STREETCAR INTENTIONS        |           7
 STREETCAR INTENTIONS        |           7
 STREETCAR INTENTIONS        |           7
 SUNDANCE INVASION           |           7
 SUNDANCE INVASION           |           7
 SUNDANCE INVASION           |           7
 SUNDANCE INVASION           |           7
 SUNDANCE INVASION           |           7
 SUNDANCE INVASION           |           7
 SUNDANCE INVASION           |           7
 SUPERFLY TRIP               |           7
 SUPERFLY TRIP               |           7
 SUPERFLY TRIP               |           7
 SUPERFLY TRIP               |           7
 SUPERFLY TRIP               |           7
 SUPERFLY TRIP               |           7
 SUPERFLY TRIP               |           7
 TELEGRAPH VOYAGE            |           7
 TELEGRAPH VOYAGE            |           7
 TELEGRAPH VOYAGE            |           7
 TELEGRAPH VOYAGE            |           7
 TELEGRAPH VOYAGE            |           7
 TELEGRAPH VOYAGE            |           7
 TELEGRAPH VOYAGE            |           7
 THIEF PELICAN               |           7
 THIEF PELICAN               |           7
 THIEF PELICAN               |           7
 THIEF PELICAN               |           7
 THIEF PELICAN               |           7
 THIEF PELICAN               |           7
 THIEF PELICAN               |           7
 TITANS JERK                 |           7
 TITANS JERK                 |           7
 TITANS JERK                 |           7
 TITANS JERK                 |           7
 TITANS JERK                 |           7
 TITANS JERK                 |           7
 TITANS JERK                 |           7
 TRAP GUYS                   |           7
 TRAP GUYS                   |           7
 TRAP GUYS                   |           7
 TRAP GUYS                   |           7
 TRAP GUYS                   |           7
 TRAP GUYS                   |           7
 TRAP GUYS                   |           7
 TREASURE COMMAND            |           7
 TREASURE COMMAND            |           7
 TREASURE COMMAND            |           7
 TREASURE COMMAND            |           7
 TREASURE COMMAND            |           7
 TREASURE COMMAND            |           7
 TREASURE COMMAND            |           7
 UNCUT SUICIDES              |           7
 UNCUT SUICIDES              |           7
 UNCUT SUICIDES              |           7
 UNCUT SUICIDES              |           7
 UNCUT SUICIDES              |           7
 UNCUT SUICIDES              |           7
 UNCUT SUICIDES              |           7
 UNFORGIVEN ZOOLANDER        |           7
 UNFORGIVEN ZOOLANDER        |           7
 UNFORGIVEN ZOOLANDER        |           7
 UNFORGIVEN ZOOLANDER        |           7
 UNFORGIVEN ZOOLANDER        |           7
 UNFORGIVEN ZOOLANDER        |           7
 UNFORGIVEN ZOOLANDER        |           7
 UPTOWN YOUNG                |           7
 UPTOWN YOUNG                |           7
 UPTOWN YOUNG                |           7
 UPTOWN YOUNG                |           7
 UPTOWN YOUNG                |           7
 UPTOWN YOUNG                |           7
 UPTOWN YOUNG                |           7
 WANDA CHAMBER               |           7
 WANDA CHAMBER               |           7
 WANDA CHAMBER               |           7
 WANDA CHAMBER               |           7
 WANDA CHAMBER               |           7
 WANDA CHAMBER               |           7
 WANDA CHAMBER               |           7
 WEREWOLF LOLA               |           7
 WEREWOLF LOLA               |           7
 WEREWOLF LOLA               |           7
 WEREWOLF LOLA               |           7
 WEREWOLF LOLA               |           7
 WEREWOLF LOLA               |           7
 WEREWOLF LOLA               |           7
 WISDOM WORKER               |           7
 WISDOM WORKER               |           7
 WISDOM WORKER               |           7
 WISDOM WORKER               |           7
 WISDOM WORKER               |           7
 WISDOM WORKER               |           7
 WISDOM WORKER               |           7
 ALIEN CENTER                |           6
 ALIEN CENTER                |           6
 ALIEN CENTER                |           6
 ALIEN CENTER                |           6
 ALIEN CENTER                |           6
 ALIEN CENTER                |           6
 AMADEUS HOLY                |           6
 AMADEUS HOLY                |           6
 AMADEUS HOLY                |           6
 AMADEUS HOLY                |           6
 AMADEUS HOLY                |           6
 AMADEUS HOLY                |           6
 AMELIE HELLFIGHTERS         |           6
 AMELIE HELLFIGHTERS         |           6
 AMELIE HELLFIGHTERS         |           6
 AMELIE HELLFIGHTERS         |           6
 AMELIE HELLFIGHTERS         |           6
 AMELIE HELLFIGHTERS         |           6
 BALLOON HOMEWARD            |           6
 BALLOON HOMEWARD            |           6
 BALLOON HOMEWARD            |           6
 BALLOON HOMEWARD            |           6
 BALLOON HOMEWARD            |           6
 BALLOON HOMEWARD            |           6
 BANGER PINOCCHIO            |           6
 BANGER PINOCCHIO            |           6
 BANGER PINOCCHIO            |           6
 BANGER PINOCCHIO            |           6
 BANGER PINOCCHIO            |           6
 BANGER PINOCCHIO            |           6
 BASIC EASY                  |           6
 BASIC EASY                  |           6
 BASIC EASY                  |           6
 BASIC EASY                  |           6
 BASIC EASY                  |           6
 BASIC EASY                  |           6
 BEETHOVEN EXORCIST          |           6
 BEETHOVEN EXORCIST          |           6
 BEETHOVEN EXORCIST          |           6
 BEETHOVEN EXORCIST          |           6
 BEETHOVEN EXORCIST          |           6
 BEETHOVEN EXORCIST          |           6
 BILL OTHERS                 |           6
 BILL OTHERS                 |           6
 BILL OTHERS                 |           6
 BILL OTHERS                 |           6
 BILL OTHERS                 |           6
 BILL OTHERS                 |           6
 BIRCH ANTITRUST             |           6
 BIRCH ANTITRUST             |           6
 BIRCH ANTITRUST             |           6
 BIRCH ANTITRUST             |           6
 BIRCH ANTITRUST             |           6
 BIRCH ANTITRUST             |           6
 BOOGIE AMELIE               |           6
 BOOGIE AMELIE               |           6
 BOOGIE AMELIE               |           6
 BOOGIE AMELIE               |           6
 BOOGIE AMELIE               |           6
 BOOGIE AMELIE               |           6
 BREAKING HOME               |           6
 BREAKING HOME               |           6
 BREAKING HOME               |           6
 BREAKING HOME               |           6
 BREAKING HOME               |           6
 BREAKING HOME               |           6
 BUCKET BROTHERHOOD          |           6
 BUCKET BROTHERHOOD          |           6
 BUCKET BROTHERHOOD          |           6
 BUCKET BROTHERHOOD          |           6
 BUCKET BROTHERHOOD          |           6
 BUCKET BROTHERHOOD          |           6
 CANYON STOCK                |           6
 CANYON STOCK                |           6
 CANYON STOCK                |           6
 CANYON STOCK                |           6
 CANYON STOCK                |           6
 CANYON STOCK                |           6
 CAUSE DATE                  |           6
 CAUSE DATE                  |           6
 CAUSE DATE                  |           6
 CAUSE DATE                  |           6
 CAUSE DATE                  |           6
 CAUSE DATE                  |           6
 CHANCE RESURRECTION         |           6
 CHANCE RESURRECTION         |           6
 CHANCE RESURRECTION         |           6
 CHANCE RESURRECTION         |           6
 CHANCE RESURRECTION         |           6
 CHANCE RESURRECTION         |           6
 CHAPLIN LICENSE             |           6
 CHAPLIN LICENSE             |           6
 CHAPLIN LICENSE             |           6
 CHAPLIN LICENSE             |           6
 CHAPLIN LICENSE             |           6
 CHAPLIN LICENSE             |           6
 CLOSER BANG                 |           6
 CLOSER BANG                 |           6
 CLOSER BANG                 |           6
 CLOSER BANG                 |           6
 CLOSER BANG                 |           6
 CLOSER BANG                 |           6
 CLUE GRAIL                  |           6
 CLUE GRAIL                  |           6
 CLUE GRAIL                  |           6
 CLUE GRAIL                  |           6
 CLUE GRAIL                  |           6
 CLUE GRAIL                  |           6
 CONFUSED CANDLES            |           6
 CONFUSED CANDLES            |           6
 CONFUSED CANDLES            |           6
 CONFUSED CANDLES            |           6
 CONFUSED CANDLES            |           6
 CONFUSED CANDLES            |           6
 CONQUERER NUTS              |           6
 CONQUERER NUTS              |           6
 CONQUERER NUTS              |           6
 CONQUERER NUTS              |           6
 CONQUERER NUTS              |           6
 CONQUERER NUTS              |           6
 CRAFT OUTFIELD              |           6
 CRAFT OUTFIELD              |           6
 CRAFT OUTFIELD              |           6
 CRAFT OUTFIELD              |           6
 CRAFT OUTFIELD              |           6
 CRAFT OUTFIELD              |           6
 CRANES RESERVOIR            |           6
 CRANES RESERVOIR            |           6
 CRANES RESERVOIR            |           6
 CRANES RESERVOIR            |           6
 CRANES RESERVOIR            |           6
 CRANES RESERVOIR            |           6
 CREEPERS KANE               |           6
 CREEPERS KANE               |           6
 CREEPERS KANE               |           6
 CREEPERS KANE               |           6
 CREEPERS KANE               |           6
 CREEPERS KANE               |           6
 CROOKED FROGMEN             |           6
 CROOKED FROGMEN             |           6
 CROOKED FROGMEN             |           6
 CROOKED FROGMEN             |           6
 CROOKED FROGMEN             |           6
 CROOKED FROGMEN             |           6
 DALMATIONS SWEDEN           |           6
 DALMATIONS SWEDEN           |           6
 DALMATIONS SWEDEN           |           6
 DALMATIONS SWEDEN           |           6
 DALMATIONS SWEDEN           |           6
 DALMATIONS SWEDEN           |           6
 DANCING FEVER               |           6
 DANCING FEVER               |           6
 DANCING FEVER               |           6
 DANCING FEVER               |           6
 DANCING FEVER               |           6
 DANCING FEVER               |           6
 DAWN POND                   |           6
 DAWN POND                   |           6
 DAWN POND                   |           6
 DAWN POND                   |           6
 DAWN POND                   |           6
 DAWN POND                   |           6
 DAZED PUNK                  |           6
 DAZED PUNK                  |           6
 DAZED PUNK                  |           6
 DAZED PUNK                  |           6
 DAZED PUNK                  |           6
 DAZED PUNK                  |           6
 DINOSAUR SECRETARY          |           6
 DINOSAUR SECRETARY          |           6
 DINOSAUR SECRETARY          |           6
 DINOSAUR SECRETARY          |           6
 DINOSAUR SECRETARY          |           6
 DINOSAUR SECRETARY          |           6
 DIVIDE MONSTER              |           6
 DIVIDE MONSTER              |           6
 DIVIDE MONSTER              |           6
 DIVIDE MONSTER              |           6
 DIVIDE MONSTER              |           6
 DIVIDE MONSTER              |           6
 DIVORCE SHINING             |           6
 DIVORCE SHINING             |           6
 DIVORCE SHINING             |           6
 DIVORCE SHINING             |           6
 DIVORCE SHINING             |           6
 DIVORCE SHINING             |           6
 DOCTOR GRAIL                |           6
 DOCTOR GRAIL                |           6
 DOCTOR GRAIL                |           6
 DOCTOR GRAIL                |           6
 DOCTOR GRAIL                |           6
 DOCTOR GRAIL                |           6
 DOZEN LION                  |           6
 DOZEN LION                  |           6
 DOZEN LION                  |           6
 DOZEN LION                  |           6
 DOZEN LION                  |           6
 DOZEN LION                  |           6
 EAGLES PANKY                |           6
 EAGLES PANKY                |           6
 EAGLES PANKY                |           6
 EAGLES PANKY                |           6
 EAGLES PANKY                |           6
 EAGLES PANKY                |           6
 EARLY HOME                  |           6
 EARLY HOME                  |           6
 EARLY HOME                  |           6
 EARLY HOME                  |           6
 EARLY HOME                  |           6
 EARLY HOME                  |           6
 ENCINO ELF                  |           6
 ENCINO ELF                  |           6
 ENCINO ELF                  |           6
 ENCINO ELF                  |           6
 ENCINO ELF                  |           6
 ENCINO ELF                  |           6
 EVE RESURRECTION            |           6
 EVE RESURRECTION            |           6
 EVE RESURRECTION            |           6
 EVE RESURRECTION            |           6
 EVE RESURRECTION            |           6
 EVE RESURRECTION            |           6
 EVOLUTION ALTER             |           6
 EVOLUTION ALTER             |           6
 EVOLUTION ALTER             |           6
 EVOLUTION ALTER             |           6
 EVOLUTION ALTER             |           6
 EVOLUTION ALTER             |           6
 FACTORY DRAGON              |           6
 FACTORY DRAGON              |           6
 FACTORY DRAGON              |           6
 FACTORY DRAGON              |           6
 FACTORY DRAGON              |           6
 FACTORY DRAGON              |           6
 FATAL HAUNTED               |           6
 FATAL HAUNTED               |           6
 FATAL HAUNTED               |           6
 FATAL HAUNTED               |           6
 FATAL HAUNTED               |           6
 FATAL HAUNTED               |           6
 FROGMEN BREAKING            |           6
 FROGMEN BREAKING            |           6
 FROGMEN BREAKING            |           6
 FROGMEN BREAKING            |           6
 FROGMEN BREAKING            |           6
 FROGMEN BREAKING            |           6
 FRONTIER CABIN              |           6
 FRONTIER CABIN              |           6
 FRONTIER CABIN              |           6
 FRONTIER CABIN              |           6
 FRONTIER CABIN              |           6
 FRONTIER CABIN              |           6
 FULL FLATLINERS             |           6
 FULL FLATLINERS             |           6
 FULL FLATLINERS             |           6
 FULL FLATLINERS             |           6
 FULL FLATLINERS             |           6
 FULL FLATLINERS             |           6
 GILMORE BOILED              |           6
 GILMORE BOILED              |           6
 GILMORE BOILED              |           6
 GILMORE BOILED              |           6
 GILMORE BOILED              |           6
 GILMORE BOILED              |           6
 GLADIATOR WESTWARD          |           6
 GLADIATOR WESTWARD          |           6
 GLADIATOR WESTWARD          |           6
 GLADIATOR WESTWARD          |           6
 GLADIATOR WESTWARD          |           6
 GLADIATOR WESTWARD          |           6
 GLORY TRACY                 |           6
 GLORY TRACY                 |           6
 GLORY TRACY                 |           6
 GLORY TRACY                 |           6
 GLORY TRACY                 |           6
 GLORY TRACY                 |           6
 GODFATHER DIARY             |           6
 GODFATHER DIARY             |           6
 GODFATHER DIARY             |           6
 GODFATHER DIARY             |           6
 GODFATHER DIARY             |           6
 GODFATHER DIARY             |           6
 GRACELAND DYNAMITE          |           6
 GRACELAND DYNAMITE          |           6
 GRACELAND DYNAMITE          |           6
 GRACELAND DYNAMITE          |           6
 GRACELAND DYNAMITE          |           6
 GRACELAND DYNAMITE          |           6
 GRAFFITI LOVE               |           6
 GRAFFITI LOVE               |           6
 GRAFFITI LOVE               |           6
 GRAFFITI LOVE               |           6
 GRAFFITI LOVE               |           6
 GRAFFITI LOVE               |           6
 GREATEST NORTH              |           6
 GREATEST NORTH              |           6
 GREATEST NORTH              |           6
 GREATEST NORTH              |           6
 GREATEST NORTH              |           6
 GREATEST NORTH              |           6
 GRINCH MASSAGE              |           6
 GRINCH MASSAGE              |           6
 GRINCH MASSAGE              |           6
 GRINCH MASSAGE              |           6
 GRINCH MASSAGE              |           6
 GRINCH MASSAGE              |           6
 GUMP DATE                   |           6
 GUMP DATE                   |           6
 GUMP DATE                   |           6
 GUMP DATE                   |           6
 GUMP DATE                   |           6
 GUMP DATE                   |           6
 HALF OUTFIELD               |           6
 HALF OUTFIELD               |           6
 HALF OUTFIELD               |           6
 HALF OUTFIELD               |           6
 HALF OUTFIELD               |           6
 HALF OUTFIELD               |           6
 HARRY IDAHO                 |           6
 HARRY IDAHO                 |           6
 HARRY IDAHO                 |           6
 HARRY IDAHO                 |           6
 HARRY IDAHO                 |           6
 HARRY IDAHO                 |           6
 HEAVENLY GUN                |           6
 HEAVENLY GUN                |           6
 HEAVENLY GUN                |           6
 HEAVENLY GUN                |           6
 HEAVENLY GUN                |           6
 HEAVENLY GUN                |           6
 HILLS NEIGHBORS             |           6
 HILLS NEIGHBORS             |           6
 HILLS NEIGHBORS             |           6
 HILLS NEIGHBORS             |           6
 HILLS NEIGHBORS             |           6
 HILLS NEIGHBORS             |           6
 HOLIDAY GAMES               |           6
 HOLIDAY GAMES               |           6
 HOLIDAY GAMES               |           6
 HOLIDAY GAMES               |           6
 HOLIDAY GAMES               |           6
 HOLIDAY GAMES               |           6
 HOLLYWOOD ANONYMOUS         |           6
 HOLLYWOOD ANONYMOUS         |           6
 HOLLYWOOD ANONYMOUS         |           6
 HOLLYWOOD ANONYMOUS         |           6
 HOLLYWOOD ANONYMOUS         |           6
 HOLLYWOOD ANONYMOUS         |           6
 HOME PITY                   |           6
 HOME PITY                   |           6
 HOME PITY                   |           6
 HOME PITY                   |           6
 HOME PITY                   |           6
 HOME PITY                   |           6
 HOURS RAGE                  |           6
 HOURS RAGE                  |           6
 HOURS RAGE                  |           6
 HOURS RAGE                  |           6
 HOURS RAGE                  |           6
 HOURS RAGE                  |           6
 HYDE DOCTOR                 |           6
 HYDE DOCTOR                 |           6
 HYDE DOCTOR                 |           6
 HYDE DOCTOR                 |           6
 HYDE DOCTOR                 |           6
 HYDE DOCTOR                 |           6
 ICE CROSSING                |           6
 ICE CROSSING                |           6
 ICE CROSSING                |           6
 ICE CROSSING                |           6
 ICE CROSSING                |           6
 ICE CROSSING                |           6
 IDAHO LOVE                  |           6
 IDAHO LOVE                  |           6
 IDAHO LOVE                  |           6
 IDAHO LOVE                  |           6
 IDAHO LOVE                  |           6
 IDAHO LOVE                  |           6
 INTOLERABLE INTENTIONS      |           6
 INTOLERABLE INTENTIONS      |           6
 INTOLERABLE INTENTIONS      |           6
 INTOLERABLE INTENTIONS      |           6
 INTOLERABLE INTENTIONS      |           6
 INTOLERABLE INTENTIONS      |           6
 JEEPERS WEDDING             |           6
 JEEPERS WEDDING             |           6
 JEEPERS WEDDING             |           6
 JEEPERS WEDDING             |           6
 JEEPERS WEDDING             |           6
 JEEPERS WEDDING             |           6
 JET NEIGHBORS               |           6
 JET NEIGHBORS               |           6
 JET NEIGHBORS               |           6
 JET NEIGHBORS               |           6
 JET NEIGHBORS               |           6
 JET NEIGHBORS               |           6
 JUMANJI BLADE               |           6
 JUMANJI BLADE               |           6
 JUMANJI BLADE               |           6
 JUMANJI BLADE               |           6
 JUMANJI BLADE               |           6
 JUMANJI BLADE               |           6
 JUNGLE CLOSER               |           6
 JUNGLE CLOSER               |           6
 JUNGLE CLOSER               |           6
 JUNGLE CLOSER               |           6
 JUNGLE CLOSER               |           6
 JUNGLE CLOSER               |           6
 KICK SAVANNAH               |           6
 KICK SAVANNAH               |           6
 KICK SAVANNAH               |           6
 KICK SAVANNAH               |           6
 KICK SAVANNAH               |           6
 KICK SAVANNAH               |           6
 KING EVOLUTION              |           6
 KING EVOLUTION              |           6
 KING EVOLUTION              |           6
 KING EVOLUTION              |           6
 KING EVOLUTION              |           6
 KING EVOLUTION              |           6
 KNOCK WARLOCK               |           6
 KNOCK WARLOCK               |           6
 KNOCK WARLOCK               |           6
 KNOCK WARLOCK               |           6
 KNOCK WARLOCK               |           6
 KNOCK WARLOCK               |           6
 LABYRINTH LEAGUE            |           6
 LABYRINTH LEAGUE            |           6
 LABYRINTH LEAGUE            |           6
 LABYRINTH LEAGUE            |           6
 LABYRINTH LEAGUE            |           6
 LABYRINTH LEAGUE            |           6
 LANGUAGE COWBOY             |           6
 LANGUAGE COWBOY             |           6
 LANGUAGE COWBOY             |           6
 LANGUAGE COWBOY             |           6
 LANGUAGE COWBOY             |           6
 LANGUAGE COWBOY             |           6
 LEAGUE HELLFIGHTERS         |           6
 LEAGUE HELLFIGHTERS         |           6
 LEAGUE HELLFIGHTERS         |           6
 LEAGUE HELLFIGHTERS         |           6
 LEAGUE HELLFIGHTERS         |           6
 LEAGUE HELLFIGHTERS         |           6
 LEGALLY SECRETARY           |           6
 LEGALLY SECRETARY           |           6
 LEGALLY SECRETARY           |           6
 LEGALLY SECRETARY           |           6
 LEGALLY SECRETARY           |           6
 LEGALLY SECRETARY           |           6
 LIAISONS SWEET              |           6
 LIAISONS SWEET              |           6
 LIAISONS SWEET              |           6
 LIAISONS SWEET              |           6
 LIAISONS SWEET              |           6
 LIAISONS SWEET              |           6
 LOLA AGENT                  |           6
 LOLA AGENT                  |           6
 LOLA AGENT                  |           6
 LOLA AGENT                  |           6
 LOLA AGENT                  |           6
 LOLA AGENT                  |           6
 LORD ARIZONA                |           6
 LORD ARIZONA                |           6
 LORD ARIZONA                |           6
 LORD ARIZONA                |           6
 LORD ARIZONA                |           6
 LORD ARIZONA                |           6
 LOVELY JINGLE               |           6
 LOVELY JINGLE               |           6
 LOVELY JINGLE               |           6
 LOVELY JINGLE               |           6
 LOVELY JINGLE               |           6
 LOVELY JINGLE               |           6
 LUCK OPUS                   |           6
 LUCK OPUS                   |           6
 LUCK OPUS                   |           6
 LUCK OPUS                   |           6
 LUCK OPUS                   |           6
 LUCK OPUS                   |           6
 MADIGAN DORADO              |           6
 MADIGAN DORADO              |           6
 MADIGAN DORADO              |           6
 MADIGAN DORADO              |           6
 MADIGAN DORADO              |           6
 MADIGAN DORADO              |           6
 MAUDE MOD                   |           6
 MAUDE MOD                   |           6
 MAUDE MOD                   |           6
 MAUDE MOD                   |           6
 MAUDE MOD                   |           6
 MAUDE MOD                   |           6
 MEET CHOCOLATE              |           6
 MEET CHOCOLATE              |           6
 MEET CHOCOLATE              |           6
 MEET CHOCOLATE              |           6
 MEET CHOCOLATE              |           6
 MEET CHOCOLATE              |           6
 MEMENTO ZOOLANDER           |           6
 MEMENTO ZOOLANDER           |           6
 MEMENTO ZOOLANDER           |           6
 MEMENTO ZOOLANDER           |           6
 MEMENTO ZOOLANDER           |           6
 MEMENTO ZOOLANDER           |           6
 MERMAID INSECTS             |           6
 MERMAID INSECTS             |           6
 MERMAID INSECTS             |           6
 MERMAID INSECTS             |           6
 MERMAID INSECTS             |           6
 MERMAID INSECTS             |           6
 METROPOLIS COMA             |           6
 METROPOLIS COMA             |           6
 METROPOLIS COMA             |           6
 METROPOLIS COMA             |           6
 METROPOLIS COMA             |           6
 METROPOLIS COMA             |           6
 MICROCOSMOS PARADISE        |           6
 MICROCOSMOS PARADISE        |           6
 MICROCOSMOS PARADISE        |           6
 MICROCOSMOS PARADISE        |           6
 MICROCOSMOS PARADISE        |           6
 MICROCOSMOS PARADISE        |           6
 MINDS TRUMAN                |           6
 MINDS TRUMAN                |           6
 MINDS TRUMAN                |           6
 MINDS TRUMAN                |           6
 MINDS TRUMAN                |           6
 MINDS TRUMAN                |           6
 MIXED DOORS                 |           6
 MIXED DOORS                 |           6
 MIXED DOORS                 |           6
 MIXED DOORS                 |           6
 MIXED DOORS                 |           6
 MIXED DOORS                 |           6
 MOB DUFFEL                  |           6
 MOB DUFFEL                  |           6
 MOB DUFFEL                  |           6
 MOB DUFFEL                  |           6
 MOB DUFFEL                  |           6
 MOB DUFFEL                  |           6
 MOD SECRETARY               |           6
 MOD SECRETARY               |           6
 MOD SECRETARY               |           6
 MOD SECRETARY               |           6
 MOD SECRETARY               |           6
 MOD SECRETARY               |           6
 MONTEREY LABYRINTH          |           6
 MONTEREY LABYRINTH          |           6
 MONTEREY LABYRINTH          |           6
 MONTEREY LABYRINTH          |           6
 MONTEREY LABYRINTH          |           6
 MONTEREY LABYRINTH          |           6
 MULHOLLAND BEAST            |           6
 MULHOLLAND BEAST            |           6
 MULHOLLAND BEAST            |           6
 MULHOLLAND BEAST            |           6
 MULHOLLAND BEAST            |           6
 MULHOLLAND BEAST            |           6
 NONE SPIKING                |           6
 NONE SPIKING                |           6
 NONE SPIKING                |           6
 NONE SPIKING                |           6
 NONE SPIKING                |           6
 NONE SPIKING                |           6
 NOON PAPI                   |           6
 NOON PAPI                   |           6
 NOON PAPI                   |           6
 NOON PAPI                   |           6
 NOON PAPI                   |           6
 NOON PAPI                   |           6
 NOVOCAINE FLIGHT            |           6
 NOVOCAINE FLIGHT            |           6
 NOVOCAINE FLIGHT            |           6
 NOVOCAINE FLIGHT            |           6
 NOVOCAINE FLIGHT            |           6
 NOVOCAINE FLIGHT            |           6
 OPPOSITE NECKLACE           |           6
 OPPOSITE NECKLACE           |           6
 OPPOSITE NECKLACE           |           6
 OPPOSITE NECKLACE           |           6
 OPPOSITE NECKLACE           |           6
 OPPOSITE NECKLACE           |           6
 OSCAR GOLD                  |           6
 OSCAR GOLD                  |           6
 OSCAR GOLD                  |           6
 OSCAR GOLD                  |           6
 OSCAR GOLD                  |           6
 OSCAR GOLD                  |           6
 PARIS WEEKEND               |           6
 PARIS WEEKEND               |           6
 PARIS WEEKEND               |           6
 PARIS WEEKEND               |           6
 PARIS WEEKEND               |           6
 PARIS WEEKEND               |           6
 PARK CITIZEN                |           6
 PARK CITIZEN                |           6
 PARK CITIZEN                |           6
 PARK CITIZEN                |           6
 PARK CITIZEN                |           6
 PARK CITIZEN                |           6
 PAST SUICIDES               |           6
 PAST SUICIDES               |           6
 PAST SUICIDES               |           6
 PAST SUICIDES               |           6
 PAST SUICIDES               |           6
 PAST SUICIDES               |           6
 PERFECT GROOVE              |           6
 PERFECT GROOVE              |           6
 PERFECT GROOVE              |           6
 PERFECT GROOVE              |           6
 PERFECT GROOVE              |           6
 PERFECT GROOVE              |           6
 POLLOCK DELIVERANCE         |           6
 POLLOCK DELIVERANCE         |           6
 POLLOCK DELIVERANCE         |           6
 POLLOCK DELIVERANCE         |           6
 POLLOCK DELIVERANCE         |           6
 POLLOCK DELIVERANCE         |           6
 POSEIDON FOREVER            |           6
 POSEIDON FOREVER            |           6
 POSEIDON FOREVER            |           6
 POSEIDON FOREVER            |           6
 POSEIDON FOREVER            |           6
 POSEIDON FOREVER            |           6
 POTLUCK MIXED               |           6
 POTLUCK MIXED               |           6
 POTLUCK MIXED               |           6
 POTLUCK MIXED               |           6
 POTLUCK MIXED               |           6
 POTLUCK MIXED               |           6
 QUEEN LUKE                  |           6
 QUEEN LUKE                  |           6
 QUEEN LUKE                  |           6
 QUEEN LUKE                  |           6
 QUEEN LUKE                  |           6
 QUEEN LUKE                  |           6
 RACER EGG                   |           6
 RACER EGG                   |           6
 RACER EGG                   |           6
 RACER EGG                   |           6
 RACER EGG                   |           6
 RACER EGG                   |           6
 RAIDERS ANTITRUST           |           6
 RAIDERS ANTITRUST           |           6
 RAIDERS ANTITRUST           |           6
 RAIDERS ANTITRUST           |           6
 RAIDERS ANTITRUST           |           6
 RAIDERS ANTITRUST           |           6
 RAINBOW SHOCK               |           6
 RAINBOW SHOCK               |           6
 RAINBOW SHOCK               |           6
 RAINBOW SHOCK               |           6
 RAINBOW SHOCK               |           6
 RAINBOW SHOCK               |           6
 REBEL AIRPORT               |           6
 REBEL AIRPORT               |           6
 REBEL AIRPORT               |           6
 REBEL AIRPORT               |           6
 REBEL AIRPORT               |           6
 REBEL AIRPORT               |           6
 RUGRATS SHAKESPEARE         |           6
 RUGRATS SHAKESPEARE         |           6
 RUGRATS SHAKESPEARE         |           6
 RUGRATS SHAKESPEARE         |           6
 RUGRATS SHAKESPEARE         |           6
 RUGRATS SHAKESPEARE         |           6
 RUN PACIFIC                 |           6
 RUN PACIFIC                 |           6
 RUN PACIFIC                 |           6
 RUN PACIFIC                 |           6
 RUN PACIFIC                 |           6
 RUN PACIFIC                 |           6
 SANTA PARIS                 |           6
 SANTA PARIS                 |           6
 SANTA PARIS                 |           6
 SANTA PARIS                 |           6
 SANTA PARIS                 |           6
 SANTA PARIS                 |           6
 SAVANNAH TOWN               |           6
 SAVANNAH TOWN               |           6
 SAVANNAH TOWN               |           6
 SAVANNAH TOWN               |           6
 SAVANNAH TOWN               |           6
 SAVANNAH TOWN               |           6
 SEATTLE EXPECATIONS         |           6
 SEATTLE EXPECATIONS         |           6
 SEATTLE EXPECATIONS         |           6
 SEATTLE EXPECATIONS         |           6
 SEATTLE EXPECATIONS         |           6
 SEATTLE EXPECATIONS         |           6
 SECRETARY ROUGE             |           6
 SECRETARY ROUGE             |           6
 SECRETARY ROUGE             |           6
 SECRETARY ROUGE             |           6
 SECRETARY ROUGE             |           6
 SECRETARY ROUGE             |           6
 SECRETS PARADISE            |           6
 SECRETS PARADISE            |           6
 SECRETS PARADISE            |           6
 SECRETS PARADISE            |           6
 SECRETS PARADISE            |           6
 SECRETS PARADISE            |           6
 SENSIBILITY REAR            |           6
 SENSIBILITY REAR            |           6
 SENSIBILITY REAR            |           6
 SENSIBILITY REAR            |           6
 SENSIBILITY REAR            |           6
 SENSIBILITY REAR            |           6
 SHAKESPEARE SADDLE          |           6
 SHAKESPEARE SADDLE          |           6
 SHAKESPEARE SADDLE          |           6
 SHAKESPEARE SADDLE          |           6
 SHAKESPEARE SADDLE          |           6
 SHAKESPEARE SADDLE          |           6
 SIDE ARK                    |           6
 SIDE ARK                    |           6
 SIDE ARK                    |           6
 SIDE ARK                    |           6
 SIDE ARK                    |           6
 SIDE ARK                    |           6
 SLEEPY JAPANESE             |           6
 SLEEPY JAPANESE             |           6
 SLEEPY JAPANESE             |           6
 SLEEPY JAPANESE             |           6
 SLEEPY JAPANESE             |           6
 SLEEPY JAPANESE             |           6
 SMOKING BARBARELLA          |           6
 SMOKING BARBARELLA          |           6
 SMOKING BARBARELLA          |           6
 SMOKING BARBARELLA          |           6
 SMOKING BARBARELLA          |           6
 SMOKING BARBARELLA          |           6
 SONS INTERVIEW              |           6
 SONS INTERVIEW              |           6
 SONS INTERVIEW              |           6
 SONS INTERVIEW              |           6
 SONS INTERVIEW              |           6
 SONS INTERVIEW              |           6
 SPEED SUIT                  |           6
 SPEED SUIT                  |           6
 SPEED SUIT                  |           6
 SPEED SUIT                  |           6
 SPEED SUIT                  |           6
 SPEED SUIT                  |           6
 SPIKING ELEMENT             |           6
 SPIKING ELEMENT             |           6
 SPIKING ELEMENT             |           6
 SPIKING ELEMENT             |           6
 SPIKING ELEMENT             |           6
 SPIKING ELEMENT             |           6
 STAGECOACH ARMAGEDDON       |           6
 STAGECOACH ARMAGEDDON       |           6
 STAGECOACH ARMAGEDDON       |           6
 STAGECOACH ARMAGEDDON       |           6
 STAGECOACH ARMAGEDDON       |           6
 STAGECOACH ARMAGEDDON       |           6
 STAMPEDE DISTURBING         |           6
 STAMPEDE DISTURBING         |           6
 STAMPEDE DISTURBING         |           6
 STAMPEDE DISTURBING         |           6
 STAMPEDE DISTURBING         |           6
 STAMPEDE DISTURBING         |           6
 SWARM GOLD                  |           6
 SWARM GOLD                  |           6
 SWARM GOLD                  |           6
 SWARM GOLD                  |           6
 SWARM GOLD                  |           6
 SWARM GOLD                  |           6
 SWEET BROTHERHOOD           |           6
 SWEET BROTHERHOOD           |           6
 SWEET BROTHERHOOD           |           6
 SWEET BROTHERHOOD           |           6
 SWEET BROTHERHOOD           |           6
 SWEET BROTHERHOOD           |           6
 TAXI KICK                   |           6
 TAXI KICK                   |           6
 TAXI KICK                   |           6
 TAXI KICK                   |           6
 TAXI KICK                   |           6
 TAXI KICK                   |           6
 TEXAS WATCH                 |           6
 TEXAS WATCH                 |           6
 TEXAS WATCH                 |           6
 TEXAS WATCH                 |           6
 TEXAS WATCH                 |           6
 TEXAS WATCH                 |           6
 THEORY MERMAID              |           6
 THEORY MERMAID              |           6
 THEORY MERMAID              |           6
 THEORY MERMAID              |           6
 THEORY MERMAID              |           6
 THEORY MERMAID              |           6
 TIES HUNGER                 |           6
 TIES HUNGER                 |           6
 TIES HUNGER                 |           6
 TIES HUNGER                 |           6
 TIES HUNGER                 |           6
 TIES HUNGER                 |           6
 TOMORROW HUSTLER            |           6
 TOMORROW HUSTLER            |           6
 TOMORROW HUSTLER            |           6
 TOMORROW HUSTLER            |           6
 TOMORROW HUSTLER            |           6
 TOMORROW HUSTLER            |           6
 TRAMP OTHERS                |           6
 TRAMP OTHERS                |           6
 TRAMP OTHERS                |           6
 TRAMP OTHERS                |           6
 TRAMP OTHERS                |           6
 TRAMP OTHERS                |           6
 TRUMAN CRAZY                |           6
 TRUMAN CRAZY                |           6
 TRUMAN CRAZY                |           6
 TRUMAN CRAZY                |           6
 TRUMAN CRAZY                |           6
 TRUMAN CRAZY                |           6
 TYCOON GATHERING            |           6
 TYCOON GATHERING            |           6
 TYCOON GATHERING            |           6
 TYCOON GATHERING            |           6
 TYCOON GATHERING            |           6
 TYCOON GATHERING            |           6
 UNITED PILOT                |           6
 UNITED PILOT                |           6
 UNITED PILOT                |           6
 UNITED PILOT                |           6
 UNITED PILOT                |           6
 UNITED PILOT                |           6
 VACATION BOONDOCK           |           6
 VACATION BOONDOCK           |           6
 VACATION BOONDOCK           |           6
 VACATION BOONDOCK           |           6
 VACATION BOONDOCK           |           6
 VACATION BOONDOCK           |           6
 WAGON JAWS                  |           6
 WAGON JAWS                  |           6
 WAGON JAWS                  |           6
 WAGON JAWS                  |           6
 WAGON JAWS                  |           6
 WAGON JAWS                  |           6
 WARLOCK WEREWOLF            |           6
 WARLOCK WEREWOLF            |           6
 WARLOCK WEREWOLF            |           6
 WARLOCK WEREWOLF            |           6
 WARLOCK WEREWOLF            |           6
 WARLOCK WEREWOLF            |           6
 WASTELAND DIVINE            |           6
 WASTELAND DIVINE            |           6
 WASTELAND DIVINE            |           6
 WASTELAND DIVINE            |           6
 WASTELAND DIVINE            |           6
 WASTELAND DIVINE            |           6
 WATERFRONT DELIVERANCE      |           6
 WATERFRONT DELIVERANCE      |           6
 WATERFRONT DELIVERANCE      |           6
 WATERFRONT DELIVERANCE      |           6
 WATERFRONT DELIVERANCE      |           6
 WATERFRONT DELIVERANCE      |           6
 WATERSHIP FRONTIER          |           6
 WATERSHIP FRONTIER          |           6
 WATERSHIP FRONTIER          |           6
 WATERSHIP FRONTIER          |           6
 WATERSHIP FRONTIER          |           6
 WATERSHIP FRONTIER          |           6
 WESTWARD SEABISCUIT         |           6
 WESTWARD SEABISCUIT         |           6
 WESTWARD SEABISCUIT         |           6
 WESTWARD SEABISCUIT         |           6
 WESTWARD SEABISCUIT         |           6
 WESTWARD SEABISCUIT         |           6
 WIFE TURN                   |           6
 WIFE TURN                   |           6
 WIFE TURN                   |           6
 WIFE TURN                   |           6
 WIFE TURN                   |           6
 WIFE TURN                   |           6
 WOLVES DESIRE               |           6
 WOLVES DESIRE               |           6
 WOLVES DESIRE               |           6
 WOLVES DESIRE               |           6
 WOLVES DESIRE               |           6
 WOLVES DESIRE               |           6
 WORDS HUNTER                |           6
 WORDS HUNTER                |           6
 WORDS HUNTER                |           6
 WORDS HUNTER                |           6
 WORDS HUNTER                |           6
 WORDS HUNTER                |           6
 WYOMING STORM               |           6
 WYOMING STORM               |           6
 WYOMING STORM               |           6
 WYOMING STORM               |           6
 WYOMING STORM               |           6
 WYOMING STORM               |           6
 ZHIVAGO CORE                |           6
 ZHIVAGO CORE                |           6
 ZHIVAGO CORE                |           6
 ZHIVAGO CORE                |           6
 ZHIVAGO CORE                |           6
 ZHIVAGO CORE                |           6
 ADAPTATION HOLES            |           5
 ADAPTATION HOLES            |           5
 ADAPTATION HOLES            |           5
 ADAPTATION HOLES            |           5
 ADAPTATION HOLES            |           5
 AFFAIR PREJUDICE            |           5
 AFFAIR PREJUDICE            |           5
 AFFAIR PREJUDICE            |           5
 AFFAIR PREJUDICE            |           5
 AFFAIR PREJUDICE            |           5
 AFRICAN EGG                 |           5
 AFRICAN EGG                 |           5
 AFRICAN EGG                 |           5
 AFRICAN EGG                 |           5
 AFRICAN EGG                 |           5
 AIRPLANE SIERRA             |           5
 AIRPLANE SIERRA             |           5
 AIRPLANE SIERRA             |           5
 AIRPLANE SIERRA             |           5
 AIRPLANE SIERRA             |           5
 ALI FOREVER                 |           5
 ALI FOREVER                 |           5
 ALI FOREVER                 |           5
 ALI FOREVER                 |           5
 ALI FOREVER                 |           5
 ALLEY EVOLUTION             |           5
 ALLEY EVOLUTION             |           5
 ALLEY EVOLUTION             |           5
 ALLEY EVOLUTION             |           5
 ALLEY EVOLUTION             |           5
 AMERICAN CIRCUS             |           5
 AMERICAN CIRCUS             |           5
 AMERICAN CIRCUS             |           5
 AMERICAN CIRCUS             |           5
 AMERICAN CIRCUS             |           5
 ANACONDA CONFESSIONS        |           5
 ANACONDA CONFESSIONS        |           5
 ANACONDA CONFESSIONS        |           5
 ANACONDA CONFESSIONS        |           5
 ANACONDA CONFESSIONS        |           5
 ANALYZE HOOSIERS            |           5
 ANALYZE HOOSIERS            |           5
 ANALYZE HOOSIERS            |           5
 ANALYZE HOOSIERS            |           5
 ANALYZE HOOSIERS            |           5
 APOCALYPSE FLAMINGOS        |           5
 APOCALYPSE FLAMINGOS        |           5
 APOCALYPSE FLAMINGOS        |           5
 APOCALYPSE FLAMINGOS        |           5
 APOCALYPSE FLAMINGOS        |           5
 ARGONAUTS TOWN              |           5
 ARGONAUTS TOWN              |           5
 ARGONAUTS TOWN              |           5
 ARGONAUTS TOWN              |           5
 ARGONAUTS TOWN              |           5
 BARBARELLA STREETCAR        |           5
 BARBARELLA STREETCAR        |           5
 BARBARELLA STREETCAR        |           5
 BARBARELLA STREETCAR        |           5
 BARBARELLA STREETCAR        |           5
 BEAST HUNCHBACK             |           5
 BEAST HUNCHBACK             |           5
 BEAST HUNCHBACK             |           5
 BEAST HUNCHBACK             |           5
 BEAST HUNCHBACK             |           5
 BEAUTY GREASE               |           5
 BEAUTY GREASE               |           5
 BEAUTY GREASE               |           5
 BEAUTY GREASE               |           5
 BEAUTY GREASE               |           5
 BED HIGHBALL                |           5
 BED HIGHBALL                |           5
 BED HIGHBALL                |           5
 BED HIGHBALL                |           5
 BED HIGHBALL                |           5
 BEHAVIOR RUNAWAY            |           5
 BEHAVIOR RUNAWAY            |           5
 BEHAVIOR RUNAWAY            |           5
 BEHAVIOR RUNAWAY            |           5
 BEHAVIOR RUNAWAY            |           5
 BINGO TALENTED              |           5
 BINGO TALENTED              |           5
 BINGO TALENTED              |           5
 BINGO TALENTED              |           5
 BINGO TALENTED              |           5
 BLACKOUT PRIVATE            |           5
 BLACKOUT PRIVATE            |           5
 BLACKOUT PRIVATE            |           5
 BLACKOUT PRIVATE            |           5
 BLACKOUT PRIVATE            |           5
 BLADE POLISH                |           5
 BLADE POLISH                |           5
 BLADE POLISH                |           5
 BLADE POLISH                |           5
 BLADE POLISH                |           5
 BOWFINGER GABLES            |           5
 BOWFINGER GABLES            |           5
 BOWFINGER GABLES            |           5
 BOWFINGER GABLES            |           5
 BOWFINGER GABLES            |           5
 BREAKFAST GOLDFINGER        |           5
 BREAKFAST GOLDFINGER        |           5
 BREAKFAST GOLDFINGER        |           5
 BREAKFAST GOLDFINGER        |           5
 BREAKFAST GOLDFINGER        |           5
 BROOKLYN DESERT             |           5
 BROOKLYN DESERT             |           5
 BROOKLYN DESERT             |           5
 BROOKLYN DESERT             |           5
 BROOKLYN DESERT             |           5
 BROTHERHOOD BLANKET         |           5
 BROTHERHOOD BLANKET         |           5
 BROTHERHOOD BLANKET         |           5
 BROTHERHOOD BLANKET         |           5
 BROTHERHOOD BLANKET         |           5
 CASPER DRAGONFLY            |           5
 CASPER DRAGONFLY            |           5
 CASPER DRAGONFLY            |           5
 CASPER DRAGONFLY            |           5
 CASPER DRAGONFLY            |           5
 CASUALTIES ENCINO           |           5
 CASUALTIES ENCINO           |           5
 CASUALTIES ENCINO           |           5
 CASUALTIES ENCINO           |           5
 CASUALTIES ENCINO           |           5
 CATCH AMISTAD               |           5
 CATCH AMISTAD               |           5
 CATCH AMISTAD               |           5
 CATCH AMISTAD               |           5
 CATCH AMISTAD               |           5
 CHASING FIGHT               |           5
 CHASING FIGHT               |           5
 CHASING FIGHT               |           5
 CHASING FIGHT               |           5
 CHASING FIGHT               |           5
 CHILL LUCK                  |           5
 CHILL LUCK                  |           5
 CHILL LUCK                  |           5
 CHILL LUCK                  |           5
 CHILL LUCK                  |           5
 CHOCOLAT HARRY              |           5
 CHOCOLAT HARRY              |           5
 CHOCOLAT HARRY              |           5
 CHOCOLAT HARRY              |           5
 CHOCOLAT HARRY              |           5
 CIDER DESIRE                |           5
 CIDER DESIRE                |           5
 CIDER DESIRE                |           5
 CIDER DESIRE                |           5
 CIDER DESIRE                |           5
 CLOCKWORK PARADISE          |           5
 CLOCKWORK PARADISE          |           5
 CLOCKWORK PARADISE          |           5
 CLOCKWORK PARADISE          |           5
 CLOCKWORK PARADISE          |           5
 CLONES PINOCCHIO            |           5
 CLONES PINOCCHIO            |           5
 CLONES PINOCCHIO            |           5
 CLONES PINOCCHIO            |           5
 CLONES PINOCCHIO            |           5
 COMANCHEROS ENEMY           |           5
 COMANCHEROS ENEMY           |           5
 COMANCHEROS ENEMY           |           5
 COMANCHEROS ENEMY           |           5
 COMANCHEROS ENEMY           |           5
 COMFORTS RUSH               |           5
 COMFORTS RUSH               |           5
 COMFORTS RUSH               |           5
 COMFORTS RUSH               |           5
 COMFORTS RUSH               |           5
 CONTACT ANONYMOUS           |           5
 CONTACT ANONYMOUS           |           5
 CONTACT ANONYMOUS           |           5
 CONTACT ANONYMOUS           |           5
 CONTACT ANONYMOUS           |           5
 COWBOY DOOM                 |           5
 COWBOY DOOM                 |           5
 COWBOY DOOM                 |           5
 COWBOY DOOM                 |           5
 COWBOY DOOM                 |           5
 CRYSTAL BREAKING            |           5
 CRYSTAL BREAKING            |           5
 CRYSTAL BREAKING            |           5
 CRYSTAL BREAKING            |           5
 CRYSTAL BREAKING            |           5
 DADDY PITTSBURGH            |           5
 DADDY PITTSBURGH            |           5
 DADDY PITTSBURGH            |           5
 DADDY PITTSBURGH            |           5
 DADDY PITTSBURGH            |           5
 DANCES NONE                 |           5
 DANCES NONE                 |           5
 DANCES NONE                 |           5
 DANCES NONE                 |           5
 DANCES NONE                 |           5
 DAY UNFAITHFUL              |           5
 DAY UNFAITHFUL              |           5
 DAY UNFAITHFUL              |           5
 DAY UNFAITHFUL              |           5
 DAY UNFAITHFUL              |           5
 DESERT POSEIDON             |           5
 DESERT POSEIDON             |           5
 DESERT POSEIDON             |           5
 DESERT POSEIDON             |           5
 DESERT POSEIDON             |           5
 DEVIL DESIRE                |           5
 DEVIL DESIRE                |           5
 DEVIL DESIRE                |           5
 DEVIL DESIRE                |           5
 DEVIL DESIRE                |           5
 DIRTY ACE                   |           5
 DIRTY ACE                   |           5
 DIRTY ACE                   |           5
 DIRTY ACE                   |           5
 DIRTY ACE                   |           5
 DIVINE RESURRECTION         |           5
 DIVINE RESURRECTION         |           5
 DIVINE RESURRECTION         |           5
 DIVINE RESURRECTION         |           5
 DIVINE RESURRECTION         |           5
 DOUBTFIRE LABYRINTH         |           5
 DOUBTFIRE LABYRINTH         |           5
 DOUBTFIRE LABYRINTH         |           5
 DOUBTFIRE LABYRINTH         |           5
 DOUBTFIRE LABYRINTH         |           5
 DYNAMITE TARZAN             |           5
 DYNAMITE TARZAN             |           5
 DYNAMITE TARZAN             |           5
 DYNAMITE TARZAN             |           5
 DYNAMITE TARZAN             |           5
 EARRING INSTINCT            |           5
 EARRING INSTINCT            |           5
 EARRING INSTINCT            |           5
 EARRING INSTINCT            |           5
 EARRING INSTINCT            |           5
 EGG IGBY                    |           5
 EGG IGBY                    |           5
 EGG IGBY                    |           5
 EGG IGBY                    |           5
 EGG IGBY                    |           5
 EGYPT TENENBAUMS            |           5
 EGYPT TENENBAUMS            |           5
 EGYPT TENENBAUMS            |           5
 EGYPT TENENBAUMS            |           5
 EGYPT TENENBAUMS            |           5
 ELEPHANT TROJAN             |           5
 ELEPHANT TROJAN             |           5
 ELEPHANT TROJAN             |           5
 ELEPHANT TROJAN             |           5
 ELEPHANT TROJAN             |           5
 ELF MURDER                  |           5
 ELF MURDER                  |           5
 ELF MURDER                  |           5
 ELF MURDER                  |           5
 ELF MURDER                  |           5
 ENDING CROWDS               |           5
 ENDING CROWDS               |           5
 ENDING CROWDS               |           5
 ENDING CROWDS               |           5
 ENDING CROWDS               |           5
 ENGLISH BULWORTH            |           5
 ENGLISH BULWORTH            |           5
 ENGLISH BULWORTH            |           5
 ENGLISH BULWORTH            |           5
 ENGLISH BULWORTH            |           5
 EVERYONE CRAFT              |           5
 EVERYONE CRAFT              |           5
 EVERYONE CRAFT              |           5
 EVERYONE CRAFT              |           5
 EVERYONE CRAFT              |           5
 EXORCIST STING              |           5
 EXORCIST STING              |           5
 EXORCIST STING              |           5
 EXORCIST STING              |           5
 EXORCIST STING              |           5
 EYES DRIVING                |           5
 EYES DRIVING                |           5
 EYES DRIVING                |           5
 EYES DRIVING                |           5
 EYES DRIVING                |           5
 FARGO GANDHI                |           5
 FARGO GANDHI                |           5
 FARGO GANDHI                |           5
 FARGO GANDHI                |           5
 FARGO GANDHI                |           5
 FINDING ANACONDA            |           5
 FINDING ANACONDA            |           5
 FINDING ANACONDA            |           5
 FINDING ANACONDA            |           5
 FINDING ANACONDA            |           5
 FIRE WOLVES                 |           5
 FIRE WOLVES                 |           5
 FIRE WOLVES                 |           5
 FIRE WOLVES                 |           5
 FIRE WOLVES                 |           5
 FIREBALL PHILADELPHIA       |           5
 FIREBALL PHILADELPHIA       |           5
 FIREBALL PHILADELPHIA       |           5
 FIREBALL PHILADELPHIA       |           5
 FIREBALL PHILADELPHIA       |           5
 FIREHOUSE VIETNAM           |           5
 FIREHOUSE VIETNAM           |           5
 FIREHOUSE VIETNAM           |           5
 FIREHOUSE VIETNAM           |           5
 FIREHOUSE VIETNAM           |           5
 FLOATS GARDEN               |           5
 FLOATS GARDEN               |           5
 FLOATS GARDEN               |           5
 FLOATS GARDEN               |           5
 FLOATS GARDEN               |           5
 FORREST SONS                |           5
 FORREST SONS                |           5
 FORREST SONS                |           5
 FORREST SONS                |           5
 FORREST SONS                |           5
 FREAKY POCUS                |           5
 FREAKY POCUS                |           5
 FREAKY POCUS                |           5
 FREAKY POCUS                |           5
 FREAKY POCUS                |           5
 FREEDOM CLEOPATRA           |           5
 FREEDOM CLEOPATRA           |           5
 FREEDOM CLEOPATRA           |           5
 FREEDOM CLEOPATRA           |           5
 FREEDOM CLEOPATRA           |           5
 FRIDA SLIPPER               |           5
 FRIDA SLIPPER               |           5
 FRIDA SLIPPER               |           5
 FRIDA SLIPPER               |           5
 FRIDA SLIPPER               |           5
 GASLIGHT CRUSADE            |           5
 GASLIGHT CRUSADE            |           5
 GASLIGHT CRUSADE            |           5
 GASLIGHT CRUSADE            |           5
 GASLIGHT CRUSADE            |           5
 GHOST GROUNDHOG             |           5
 GHOST GROUNDHOG             |           5
 GHOST GROUNDHOG             |           5
 GHOST GROUNDHOG             |           5
 GHOST GROUNDHOG             |           5
 GONE TROUBLE                |           5
 GONE TROUBLE                |           5
 GONE TROUBLE                |           5
 GONE TROUBLE                |           5
 GONE TROUBLE                |           5
 GRAIL FRANKENSTEIN          |           5
 GRAIL FRANKENSTEIN          |           5
 GRAIL FRANKENSTEIN          |           5
 GRAIL FRANKENSTEIN          |           5
 GRAIL FRANKENSTEIN          |           5
 GRAPES FURY                 |           5
 GRAPES FURY                 |           5
 GRAPES FURY                 |           5
 GRAPES FURY                 |           5
 GRAPES FURY                 |           5
 GUN BONNIE                  |           5
 GUN BONNIE                  |           5
 GUN BONNIE                  |           5
 GUN BONNIE                  |           5
 GUN BONNIE                  |           5
 GUYS FALCON                 |           5
 GUYS FALCON                 |           5
 GUYS FALCON                 |           5
 GUYS FALCON                 |           5
 GUYS FALCON                 |           5
 HALL CASSIDY                |           5
 HALL CASSIDY                |           5
 HALL CASSIDY                |           5
 HALL CASSIDY                |           5
 HALL CASSIDY                |           5
 HAMLET WISDOM               |           5
 HAMLET WISDOM               |           5
 HAMLET WISDOM               |           5
 HAMLET WISDOM               |           5
 HAMLET WISDOM               |           5
 HAPPINESS UNITED            |           5
 HAPPINESS UNITED            |           5
 HAPPINESS UNITED            |           5
 HAPPINESS UNITED            |           5
 HAPPINESS UNITED            |           5
 HAUNTED ANTITRUST           |           5
 HAUNTED ANTITRUST           |           5
 HAUNTED ANTITRUST           |           5
 HAUNTED ANTITRUST           |           5
 HAUNTED ANTITRUST           |           5
 HAUNTING PIANIST            |           5
 HAUNTING PIANIST            |           5
 HAUNTING PIANIST            |           5
 HAUNTING PIANIST            |           5
 HAUNTING PIANIST            |           5
 HEARTBREAKERS BRIGHT        |           5
 HEARTBREAKERS BRIGHT        |           5
 HEARTBREAKERS BRIGHT        |           5
 HEARTBREAKERS BRIGHT        |           5
 HEARTBREAKERS BRIGHT        |           5
 HEAVYWEIGHTS BEAST          |           5
 HEAVYWEIGHTS BEAST          |           5
 HEAVYWEIGHTS BEAST          |           5
 HEAVYWEIGHTS BEAST          |           5
 HEAVYWEIGHTS BEAST          |           5
 HIGHBALL POTTER             |           5
 HIGHBALL POTTER             |           5
 HIGHBALL POTTER             |           5
 HIGHBALL POTTER             |           5
 HIGHBALL POTTER             |           5
 HOLOCAUST HIGHBALL          |           5
 HOLOCAUST HIGHBALL          |           5
 HOLOCAUST HIGHBALL          |           5
 HOLOCAUST HIGHBALL          |           5
 HOLOCAUST HIGHBALL          |           5
 HONEY TIES                  |           5
 HONEY TIES                  |           5
 HONEY TIES                  |           5
 HONEY TIES                  |           5
 HONEY TIES                  |           5
 HORROR REIGN                |           5
 HORROR REIGN                |           5
 HORROR REIGN                |           5
 HORROR REIGN                |           5
 HORROR REIGN                |           5
 HUNTING MUSKETEERS          |           5
 HUNTING MUSKETEERS          |           5
 HUNTING MUSKETEERS          |           5
 HUNTING MUSKETEERS          |           5
 HUNTING MUSKETEERS          |           5
 IGBY MAKER                  |           5
 IGBY MAKER                  |           5
 IGBY MAKER                  |           5
 IGBY MAKER                  |           5
 IGBY MAKER                  |           5
 INCH JET                    |           5
 INCH JET                    |           5
 INCH JET                    |           5
 INCH JET                    |           5
 INCH JET                    |           5
 INTERVIEW LIAISONS          |           5
 INTERVIEW LIAISONS          |           5
 INTERVIEW LIAISONS          |           5
 INTERVIEW LIAISONS          |           5
 INTERVIEW LIAISONS          |           5
 JASON TRAP                  |           5
 JASON TRAP                  |           5
 JASON TRAP                  |           5
 JASON TRAP                  |           5
 JASON TRAP                  |           5
 JAWBREAKER BROOKLYN         |           5
 JAWBREAKER BROOKLYN         |           5
 JAWBREAKER BROOKLYN         |           5
 JAWBREAKER BROOKLYN         |           5
 JAWBREAKER BROOKLYN         |           5
 JAWS HARRY                  |           5
 JAWS HARRY                  |           5
 JAWS HARRY                  |           5
 JAWS HARRY                  |           5
 JAWS HARRY                  |           5
 JEOPARDY ENCINO             |           5
 JEOPARDY ENCINO             |           5
 JEOPARDY ENCINO             |           5
 JEOPARDY ENCINO             |           5
 JEOPARDY ENCINO             |           5
 KANE EXORCIST               |           5
 KANE EXORCIST               |           5
 KANE EXORCIST               |           5
 KANE EXORCIST               |           5
 KANE EXORCIST               |           5
 KILL BROTHERHOOD            |           5
 KILL BROTHERHOOD            |           5
 KILL BROTHERHOOD            |           5
 KILL BROTHERHOOD            |           5
 KILL BROTHERHOOD            |           5
 KILLER INNOCENT             |           5
 KILLER INNOCENT             |           5
 KILLER INNOCENT             |           5
 KILLER INNOCENT             |           5
 KILLER INNOCENT             |           5
 KWAI HOMEWARD               |           5
 KWAI HOMEWARD               |           5
 KWAI HOMEWARD               |           5
 KWAI HOMEWARD               |           5
 KWAI HOMEWARD               |           5
 LOATHING LEGALLY            |           5
 LOATHING LEGALLY            |           5
 LOATHING LEGALLY            |           5
 LOATHING LEGALLY            |           5
 LOATHING LEGALLY            |           5
 LOSER HUSTLER               |           5
 LOSER HUSTLER               |           5
 LOSER HUSTLER               |           5
 LOSER HUSTLER               |           5
 LOSER HUSTLER               |           5
 MADISON TRAP                |           5
 MADISON TRAP                |           5
 MADISON TRAP                |           5
 MADISON TRAP                |           5
 MADISON TRAP                |           5
 MAJESTIC FLOATS             |           5
 MAJESTIC FLOATS             |           5
 MAJESTIC FLOATS             |           5
 MAJESTIC FLOATS             |           5
 MAJESTIC FLOATS             |           5
 MALLRATS UNITED             |           5
 MALLRATS UNITED             |           5
 MALLRATS UNITED             |           5
 MALLRATS UNITED             |           5
 MALLRATS UNITED             |           5
 MANNEQUIN WORST             |           5
 MANNEQUIN WORST             |           5
 MANNEQUIN WORST             |           5
 MANNEQUIN WORST             |           5
 MANNEQUIN WORST             |           5
 MILLION ACE                 |           5
 MILLION ACE                 |           5
 MILLION ACE                 |           5
 MILLION ACE                 |           5
 MILLION ACE                 |           5
 MISSION ZOOLANDER           |           5
 MISSION ZOOLANDER           |           5
 MISSION ZOOLANDER           |           5
 MISSION ZOOLANDER           |           5
 MISSION ZOOLANDER           |           5
 MODERN DORADO               |           5
 MODERN DORADO               |           5
 MODERN DORADO               |           5
 MODERN DORADO               |           5
 MODERN DORADO               |           5
 MONSOON CAUSE               |           5
 MONSOON CAUSE               |           5
 MONSOON CAUSE               |           5
 MONSOON CAUSE               |           5
 MONSOON CAUSE               |           5
 MOONSHINE CABIN             |           5
 MOONSHINE CABIN             |           5
 MOONSHINE CABIN             |           5
 MOONSHINE CABIN             |           5
 MOONSHINE CABIN             |           5
 MOTHER OLEANDER             |           5
 MOTHER OLEANDER             |           5
 MOTHER OLEANDER             |           5
 MOTHER OLEANDER             |           5
 MOTHER OLEANDER             |           5
 MULAN MOON                  |           5
 MULAN MOON                  |           5
 MULAN MOON                  |           5
 MULAN MOON                  |           5
 MULAN MOON                  |           5
 MUSCLE BRIGHT               |           5
 MUSCLE BRIGHT               |           5
 MUSCLE BRIGHT               |           5
 MUSCLE BRIGHT               |           5
 MUSCLE BRIGHT               |           5
 NEMO CAMPUS                 |           5
 NEMO CAMPUS                 |           5
 NEMO CAMPUS                 |           5
 NEMO CAMPUS                 |           5
 NEMO CAMPUS                 |           5
 NORTH TEQUILA               |           5
 NORTH TEQUILA               |           5
 NORTH TEQUILA               |           5
 NORTH TEQUILA               |           5
 NORTH TEQUILA               |           5
 OCTOBER SUBMARINE           |           5
 OCTOBER SUBMARINE           |           5
 OCTOBER SUBMARINE           |           5
 OCTOBER SUBMARINE           |           5
 OCTOBER SUBMARINE           |           5
 ODDS BOOGIE                 |           5
 ODDS BOOGIE                 |           5
 ODDS BOOGIE                 |           5
 ODDS BOOGIE                 |           5
 ODDS BOOGIE                 |           5
 ORANGE GRAPES               |           5
 ORANGE GRAPES               |           5
 ORANGE GRAPES               |           5
 ORANGE GRAPES               |           5
 ORANGE GRAPES               |           5
 OUTBREAK DIVINE             |           5
 OUTBREAK DIVINE             |           5
 OUTBREAK DIVINE             |           5
 OUTBREAK DIVINE             |           5
 OUTBREAK DIVINE             |           5
 PAJAMA JAWBREAKER           |           5
 PAJAMA JAWBREAKER           |           5
 PAJAMA JAWBREAKER           |           5
 PAJAMA JAWBREAKER           |           5
 PAJAMA JAWBREAKER           |           5
 PANTHER REDS                |           5
 PANTHER REDS                |           5
 PANTHER REDS                |           5
 PANTHER REDS                |           5
 PANTHER REDS                |           5
 PATHS CONTROL               |           5
 PATHS CONTROL               |           5
 PATHS CONTROL               |           5
 PATHS CONTROL               |           5
 PATHS CONTROL               |           5
 PEACH INNOCENT              |           5
 PEACH INNOCENT              |           5
 PEACH INNOCENT              |           5
 PEACH INNOCENT              |           5
 PEACH INNOCENT              |           5
 PEAK FOREVER                |           5
 PEAK FOREVER                |           5
 PEAK FOREVER                |           5
 PEAK FOREVER                |           5
 PEAK FOREVER                |           5
 PELICAN COMFORTS            |           5
 PELICAN COMFORTS            |           5
 PELICAN COMFORTS            |           5
 PELICAN COMFORTS            |           5
 PELICAN COMFORTS            |           5
 PERDITION FARGO             |           5
 PERDITION FARGO             |           5
 PERDITION FARGO             |           5
 PERDITION FARGO             |           5
 PERDITION FARGO             |           5
 PIANIST OUTFIELD            |           5
 PIANIST OUTFIELD            |           5
 PIANIST OUTFIELD            |           5
 PIANIST OUTFIELD            |           5
 PIANIST OUTFIELD            |           5
 PICKUP DRIVING              |           5
 PICKUP DRIVING              |           5
 PICKUP DRIVING              |           5
 PICKUP DRIVING              |           5
 PICKUP DRIVING              |           5
 PITTSBURGH HUNCHBACK        |           5
 PITTSBURGH HUNCHBACK        |           5
 PITTSBURGH HUNCHBACK        |           5
 PITTSBURGH HUNCHBACK        |           5
 PITTSBURGH HUNCHBACK        |           5
 PITY BOUND                  |           5
 PITY BOUND                  |           5
 PITY BOUND                  |           5
 PITY BOUND                  |           5
 PITY BOUND                  |           5
 PIZZA JUMANJI               |           5
 PIZZA JUMANJI               |           5
 PIZZA JUMANJI               |           5
 PIZZA JUMANJI               |           5
 PIZZA JUMANJI               |           5
 PLATOON INSTINCT            |           5
 PLATOON INSTINCT            |           5
 PLATOON INSTINCT            |           5
 PLATOON INSTINCT            |           5
 PLATOON INSTINCT            |           5
 POCUS PULP                  |           5
 POCUS PULP                  |           5
 POCUS PULP                  |           5
 POCUS PULP                  |           5
 POCUS PULP                  |           5
 PRESIDENT BANG              |           5
 PRESIDENT BANG              |           5
 PRESIDENT BANG              |           5
 PRESIDENT BANG              |           5
 PRESIDENT BANG              |           5
 PRINCESS GIANT              |           5
 PRINCESS GIANT              |           5
 PRINCESS GIANT              |           5
 PRINCESS GIANT              |           5
 PRINCESS GIANT              |           5
 PRIVATE DROP                |           5
 PRIVATE DROP                |           5
 PRIVATE DROP                |           5
 PRIVATE DROP                |           5
 PRIVATE DROP                |           5
 QUEST MUSSOLINI             |           5
 QUEST MUSSOLINI             |           5
 QUEST MUSSOLINI             |           5
 QUEST MUSSOLINI             |           5
 QUEST MUSSOLINI             |           5
 REDEMPTION COMFORTS         |           5
 REDEMPTION COMFORTS         |           5
 REDEMPTION COMFORTS         |           5
 REDEMPTION COMFORTS         |           5
 REDEMPTION COMFORTS         |           5
 REDS POCUS                  |           5
 REDS POCUS                  |           5
 REDS POCUS                  |           5
 REDS POCUS                  |           5
 REDS POCUS                  |           5
 RESURRECTION SILVERADO      |           5
 RESURRECTION SILVERADO      |           5
 RESURRECTION SILVERADO      |           5
 RESURRECTION SILVERADO      |           5
 RESURRECTION SILVERADO      |           5
 RIDGEMONT SUBMARINE         |           5
 RIDGEMONT SUBMARINE         |           5
 RIDGEMONT SUBMARINE         |           5
 RIDGEMONT SUBMARINE         |           5
 RIDGEMONT SUBMARINE         |           5
 ROBBERS JOON                |           5
 ROBBERS JOON                |           5
 ROBBERS JOON                |           5
 ROBBERS JOON                |           5
 ROBBERS JOON                |           5
 ROOF CHAMPION               |           5
 ROOF CHAMPION               |           5
 ROOF CHAMPION               |           5
 ROOF CHAMPION               |           5
 ROOF CHAMPION               |           5
 ROSES TREASURE              |           5
 ROSES TREASURE              |           5
 ROSES TREASURE              |           5
 ROSES TREASURE              |           5
 ROSES TREASURE              |           5
 ROXANNE REBEL               |           5
 ROXANNE REBEL               |           5
 ROXANNE REBEL               |           5
 ROXANNE REBEL               |           5
 ROXANNE REBEL               |           5
 RULES HUMAN                 |           5
 RULES HUMAN                 |           5
 RULES HUMAN                 |           5
 RULES HUMAN                 |           5
 RULES HUMAN                 |           5
 RUSH GOODFELLAS             |           5
 RUSH GOODFELLAS             |           5
 RUSH GOODFELLAS             |           5
 RUSH GOODFELLAS             |           5
 RUSH GOODFELLAS             |           5
 SATISFACTION CONFIDENTIAL   |           5
 SATISFACTION CONFIDENTIAL   |           5
 SATISFACTION CONFIDENTIAL   |           5
 SATISFACTION CONFIDENTIAL   |           5
 SATISFACTION CONFIDENTIAL   |           5
 SCALAWAG DUCK               |           5
 SCALAWAG DUCK               |           5
 SCALAWAG DUCK               |           5
 SCALAWAG DUCK               |           5
 SCALAWAG DUCK               |           5
 SCISSORHANDS SLUMS          |           5
 SCISSORHANDS SLUMS          |           5
 SCISSORHANDS SLUMS          |           5
 SCISSORHANDS SLUMS          |           5
 SCISSORHANDS SLUMS          |           5
 SHEPHERD MIDSUMMER          |           5
 SHEPHERD MIDSUMMER          |           5
 SHEPHERD MIDSUMMER          |           5
 SHEPHERD MIDSUMMER          |           5
 SHEPHERD MIDSUMMER          |           5
 SHINING ROSES               |           5
 SHINING ROSES               |           5
 SHINING ROSES               |           5
 SHINING ROSES               |           5
 SHINING ROSES               |           5
 SIERRA DIVIDE               |           5
 SIERRA DIVIDE               |           5
 SIERRA DIVIDE               |           5
 SIERRA DIVIDE               |           5
 SIERRA DIVIDE               |           5
 SILVERADO GOLDFINGER        |           5
 SILVERADO GOLDFINGER        |           5
 SILVERADO GOLDFINGER        |           5
 SILVERADO GOLDFINGER        |           5
 SILVERADO GOLDFINGER        |           5
 SONG HEDWIG                 |           5
 SONG HEDWIG                 |           5
 SONG HEDWIG                 |           5
 SONG HEDWIG                 |           5
 SONG HEDWIG                 |           5
 SPIRITED CASUALTIES         |           5
 SPIRITED CASUALTIES         |           5
 SPIRITED CASUALTIES         |           5
 SPIRITED CASUALTIES         |           5
 SPIRITED CASUALTIES         |           5
 SQUAD FISH                  |           5
 SQUAD FISH                  |           5
 SQUAD FISH                  |           5
 SQUAD FISH                  |           5
 SQUAD FISH                  |           5
 STAR OPERATION              |           5
 STAR OPERATION              |           5
 STAR OPERATION              |           5
 STAR OPERATION              |           5
 STAR OPERATION              |           5
 STORY SIDE                  |           5
 STORY SIDE                  |           5
 STORY SIDE                  |           5
 STORY SIDE                  |           5
 STORY SIDE                  |           5
 STRANGERS GRAFFITI          |           5
 STRANGERS GRAFFITI          |           5
 STRANGERS GRAFFITI          |           5
 STRANGERS GRAFFITI          |           5
 STRANGERS GRAFFITI          |           5
 SUGAR WONKA                 |           5
 SUGAR WONKA                 |           5
 SUGAR WONKA                 |           5
 SUGAR WONKA                 |           5
 SUGAR WONKA                 |           5
 SUIT WALLS                  |           5
 SUIT WALLS                  |           5
 SUIT WALLS                  |           5
 SUIT WALLS                  |           5
 SUIT WALLS                  |           5
 SUN CONFESSIONS             |           5
 SUN CONFESSIONS             |           5
 SUN CONFESSIONS             |           5
 SUN CONFESSIONS             |           5
 SUN CONFESSIONS             |           5
 SUNRISE LEAGUE              |           5
 SUNRISE LEAGUE              |           5
 SUNRISE LEAGUE              |           5
 SUNRISE LEAGUE              |           5
 SUNRISE LEAGUE              |           5
 SWEDEN SHINING              |           5
 SWEDEN SHINING              |           5
 SWEDEN SHINING              |           5
 SWEDEN SHINING              |           5
 SWEDEN SHINING              |           5
 SWEETHEARTS SUSPECTS        |           5
 SWEETHEARTS SUSPECTS        |           5
 SWEETHEARTS SUSPECTS        |           5
 SWEETHEARTS SUSPECTS        |           5
 SWEETHEARTS SUSPECTS        |           5
 TALENTED HOMICIDE           |           5
 TALENTED HOMICIDE           |           5
 TALENTED HOMICIDE           |           5
 TALENTED HOMICIDE           |           5
 TALENTED HOMICIDE           |           5
 TEEN APOLLO                 |           5
 TEEN APOLLO                 |           5
 TEEN APOLLO                 |           5
 TEEN APOLLO                 |           5
 TEEN APOLLO                 |           5
 TEMPLE ATTRACTION           |           5
 TEMPLE ATTRACTION           |           5
 TEMPLE ATTRACTION           |           5
 TEMPLE ATTRACTION           |           5
 TEMPLE ATTRACTION           |           5
 TENENBAUMS COMMAND          |           5
 TENENBAUMS COMMAND          |           5
 TENENBAUMS COMMAND          |           5
 TENENBAUMS COMMAND          |           5
 TENENBAUMS COMMAND          |           5
 TIGHTS DAWN                 |           5
 TIGHTS DAWN                 |           5
 TIGHTS DAWN                 |           5
 TIGHTS DAWN                 |           5
 TIGHTS DAWN                 |           5
 TOOTSIE PILOT               |           5
 TOOTSIE PILOT               |           5
 TOOTSIE PILOT               |           5
 TOOTSIE PILOT               |           5
 TOOTSIE PILOT               |           5
 TORQUE BOUND                |           5
 TORQUE BOUND                |           5
 TORQUE BOUND                |           5
 TORQUE BOUND                |           5
 TORQUE BOUND                |           5
 TREATMENT JEKYLL            |           5
 TREATMENT JEKYLL            |           5
 TREATMENT JEKYLL            |           5
 TREATMENT JEKYLL            |           5
 TREATMENT JEKYLL            |           5
 TROOPERS METAL              |           5
 TROOPERS METAL              |           5
 TROOPERS METAL              |           5
 TROOPERS METAL              |           5
 TROOPERS METAL              |           5
 UNTOUCHABLES SUNRISE        |           5
 UNTOUCHABLES SUNRISE        |           5
 UNTOUCHABLES SUNRISE        |           5
 UNTOUCHABLES SUNRISE        |           5
 UNTOUCHABLES SUNRISE        |           5
 UPRISING UPTOWN             |           5
 UPRISING UPTOWN             |           5
 UPRISING UPTOWN             |           5
 UPRISING UPTOWN             |           5
 UPRISING UPTOWN             |           5
 USUAL UNTOUCHABLES          |           5
 USUAL UNTOUCHABLES          |           5
 USUAL UNTOUCHABLES          |           5
 USUAL UNTOUCHABLES          |           5
 USUAL UNTOUCHABLES          |           5
 VAMPIRE WHALE               |           5
 VAMPIRE WHALE               |           5
 VAMPIRE WHALE               |           5
 VAMPIRE WHALE               |           5
 VAMPIRE WHALE               |           5
 VANISHING ROCKY             |           5
 VANISHING ROCKY             |           5
 VANISHING ROCKY             |           5
 VANISHING ROCKY             |           5
 VANISHING ROCKY             |           5
 VICTORY ACADEMY             |           5
 VICTORY ACADEMY             |           5
 VICTORY ACADEMY             |           5
 VICTORY ACADEMY             |           5
 VICTORY ACADEMY             |           5
 VIDEOTAPE ARSENIC           |           5
 VIDEOTAPE ARSENIC           |           5
 VIDEOTAPE ARSENIC           |           5
 VIDEOTAPE ARSENIC           |           5
 VIDEOTAPE ARSENIC           |           5
 VISION TORQUE               |           5
 VISION TORQUE               |           5
 VISION TORQUE               |           5
 VISION TORQUE               |           5
 VISION TORQUE               |           5
 VOLCANO TEXAS               |           5
 VOLCANO TEXAS               |           5
 VOLCANO TEXAS               |           5
 VOLCANO TEXAS               |           5
 VOLCANO TEXAS               |           5
 VOLUME HOUSE                |           5
 VOLUME HOUSE                |           5
 VOLUME HOUSE                |           5
 VOLUME HOUSE                |           5
 VOLUME HOUSE                |           5
 VOYAGE LEGALLY              |           5
 VOYAGE LEGALLY              |           5
 VOYAGE LEGALLY              |           5
 VOYAGE LEGALLY              |           5
 VOYAGE LEGALLY              |           5
 WAKE JAWS                   |           5
 WAKE JAWS                   |           5
 WAKE JAWS                   |           5
 WAKE JAWS                   |           5
 WAKE JAWS                   |           5
 WALLS ARTIST                |           5
 WALLS ARTIST                |           5
 WALLS ARTIST                |           5
 WALLS ARTIST                |           5
 WALLS ARTIST                |           5
 WASH HEAVENLY               |           5
 WASH HEAVENLY               |           5
 WASH HEAVENLY               |           5
 WASH HEAVENLY               |           5
 WASH HEAVENLY               |           5
 WATCH TRACY                 |           5
 WATCH TRACY                 |           5
 WATCH TRACY                 |           5
 WATCH TRACY                 |           5
 WATCH TRACY                 |           5
 WHALE BIKINI                |           5
 WHALE BIKINI                |           5
 WHALE BIKINI                |           5
 WHALE BIKINI                |           5
 WHALE BIKINI                |           5
 WOMEN DORADO                |           5
 WOMEN DORADO                |           5
 WOMEN DORADO                |           5
 WOMEN DORADO                |           5
 WOMEN DORADO                |           5
 WON DARES                   |           5
 WON DARES                   |           5
 WON DARES                   |           5
 WON DARES                   |           5
 WON DARES                   |           5
 WONDERLAND CHRISTMAS        |           5
 WONDERLAND CHRISTMAS        |           5
 WONDERLAND CHRISTMAS        |           5
 WONDERLAND CHRISTMAS        |           5
 WONDERLAND CHRISTMAS        |           5
 WORKING MICROCOSMOS         |           5
 WORKING MICROCOSMOS         |           5
 WORKING MICROCOSMOS         |           5
 WORKING MICROCOSMOS         |           5
 WORKING MICROCOSMOS         |           5
 YOUNG LANGUAGE              |           5
 YOUNG LANGUAGE              |           5
 YOUNG LANGUAGE              |           5
 YOUNG LANGUAGE              |           5
 YOUNG LANGUAGE              |           5
 YOUTH KICK                  |           5
 YOUTH KICK                  |           5
 YOUTH KICK                  |           5
 YOUTH KICK                  |           5
 YOUTH KICK                  |           5
 ZOOLANDER FICTION           |           5
 ZOOLANDER FICTION           |           5
 ZOOLANDER FICTION           |           5
 ZOOLANDER FICTION           |           5
 ZOOLANDER FICTION           |           5
 ACE GOLDFINGER              |           4
 ACE GOLDFINGER              |           4
 ACE GOLDFINGER              |           4
 ACE GOLDFINGER              |           4
 AIRPORT POLLOCK             |           4
 AIRPORT POLLOCK             |           4
 AIRPORT POLLOCK             |           4
 AIRPORT POLLOCK             |           4
 ALAMO VIDEOTAPE             |           4
 ALAMO VIDEOTAPE             |           4
 ALAMO VIDEOTAPE             |           4
 ALAMO VIDEOTAPE             |           4
 ALICE FANTASIA              |           4
 ALICE FANTASIA              |           4
 ALICE FANTASIA              |           4
 ALICE FANTASIA              |           4
 ALTER VICTORY               |           4
 ALTER VICTORY               |           4
 ALTER VICTORY               |           4
 ALTER VICTORY               |           4
 AMISTAD MIDSUMMER           |           4
 AMISTAD MIDSUMMER           |           4
 AMISTAD MIDSUMMER           |           4
 AMISTAD MIDSUMMER           |           4
 APACHE DIVINE               |           4
 APACHE DIVINE               |           4
 APACHE DIVINE               |           4
 APACHE DIVINE               |           4
 ARIZONA BANG                |           4
 ARIZONA BANG                |           4
 ARIZONA BANG                |           4
 ARIZONA BANG                |           4
 ATTACKS HATE                |           4
 ATTACKS HATE                |           4
 ATTACKS HATE                |           4
 ATTACKS HATE                |           4
 ATTRACTION NEWTON           |           4
 ATTRACTION NEWTON           |           4
 ATTRACTION NEWTON           |           4
 ATTRACTION NEWTON           |           4
 BETRAYED REAR               |           4
 BETRAYED REAR               |           4
 BETRAYED REAR               |           4
 BETRAYED REAR               |           4
 BEVERLY OUTLAW              |           4
 BEVERLY OUTLAW              |           4
 BEVERLY OUTLAW              |           4
 BEVERLY OUTLAW              |           4
 BIRDCAGE CASPER             |           4
 BIRDCAGE CASPER             |           4
 BIRDCAGE CASPER             |           4
 BIRDCAGE CASPER             |           4
 BIRDS PERDITION             |           4
 BIRDS PERDITION             |           4
 BIRDS PERDITION             |           4
 BIRDS PERDITION             |           4
 BLANKET BEVERLY             |           4
 BLANKET BEVERLY             |           4
 BLANKET BEVERLY             |           4
 BLANKET BEVERLY             |           4
 BLOOD ARGONAUTS             |           4
 BLOOD ARGONAUTS             |           4
 BLOOD ARGONAUTS             |           4
 BLOOD ARGONAUTS             |           4
 BLUES INSTINCT              |           4
 BLUES INSTINCT              |           4
 BLUES INSTINCT              |           4
 BLUES INSTINCT              |           4
 BRAVEHEART HUMAN            |           4
 BRAVEHEART HUMAN            |           4
 BRAVEHEART HUMAN            |           4
 BRAVEHEART HUMAN            |           4
 BRIGHT ENCOUNTERS           |           4
 BRIGHT ENCOUNTERS           |           4
 BRIGHT ENCOUNTERS           |           4
 BRIGHT ENCOUNTERS           |           4
 BULWORTH COMMANDMENTS       |           4
 BULWORTH COMMANDMENTS       |           4
 BULWORTH COMMANDMENTS       |           4
 BULWORTH COMMANDMENTS       |           4
 CABIN FLASH                 |           4
 CABIN FLASH                 |           4
 CABIN FLASH                 |           4
 CABIN FLASH                 |           4
 CANDIDATE PERDITION         |           4
 CANDIDATE PERDITION         |           4
 CANDIDATE PERDITION         |           4
 CANDIDATE PERDITION         |           4
 CASABLANCA SUPER            |           4
 CASABLANCA SUPER            |           4
 CASABLANCA SUPER            |           4
 CASABLANCA SUPER            |           4
 CAT CONEHEADS               |           4
 CAT CONEHEADS               |           4
 CAT CONEHEADS               |           4
 CAT CONEHEADS               |           4
 CELEBRITY HORN              |           4
 CELEBRITY HORN              |           4
 CELEBRITY HORN              |           4
 CELEBRITY HORN              |           4
 CENTER DINOSAUR             |           4
 CENTER DINOSAUR             |           4
 CENTER DINOSAUR             |           4
 CENTER DINOSAUR             |           4
 CHAMPION FLATLINERS         |           4
 CHAMPION FLATLINERS         |           4
 CHAMPION FLATLINERS         |           4
 CHAMPION FLATLINERS         |           4
 CHISUM BEHAVIOR             |           4
 CHISUM BEHAVIOR             |           4
 CHISUM BEHAVIOR             |           4
 CHISUM BEHAVIOR             |           4
 CINCINATTI WHISPERER        |           4
 CINCINATTI WHISPERER        |           4
 CINCINATTI WHISPERER        |           4
 CINCINATTI WHISPERER        |           4
 CLERKS ANGELS               |           4
 CLERKS ANGELS               |           4
 CLERKS ANGELS               |           4
 CLERKS ANGELS               |           4
 CLUB GRAFFITI               |           4
 CLUB GRAFFITI               |           4
 CLUB GRAFFITI               |           4
 CLUB GRAFFITI               |           4
 CLYDE THEORY                |           4
 CLYDE THEORY                |           4
 CLYDE THEORY                |           4
 CLYDE THEORY                |           4
 COLDBLOODED DARLING         |           4
 COLDBLOODED DARLING         |           4
 COLDBLOODED DARLING         |           4
 COLDBLOODED DARLING         |           4
 COMMANDMENTS EXPRESS        |           4
 COMMANDMENTS EXPRESS        |           4
 COMMANDMENTS EXPRESS        |           4
 COMMANDMENTS EXPRESS        |           4
 CONFESSIONS MAGUIRE         |           4
 CONFESSIONS MAGUIRE         |           4
 CONFESSIONS MAGUIRE         |           4
 CONFESSIONS MAGUIRE         |           4
 CONSPIRACY SPIRIT           |           4
 CONSPIRACY SPIRIT           |           4
 CONSPIRACY SPIRIT           |           4
 CONSPIRACY SPIRIT           |           4
 CORE SUIT                   |           4
 CORE SUIT                   |           4
 CORE SUIT                   |           4
 CORE SUIT                   |           4
 CROWDS TELEMARK             |           4
 CROWDS TELEMARK             |           4
 CROWDS TELEMARK             |           4
 CROWDS TELEMARK             |           4
 DARKO DORADO                |           4
 DARKO DORADO                |           4
 DARKO DORADO                |           4
 DARKO DORADO                |           4
 DATE SPEED                  |           4
 DATE SPEED                  |           4
 DATE SPEED                  |           4
 DATE SPEED                  |           4
 DAUGHTER MADIGAN            |           4
 DAUGHTER MADIGAN            |           4
 DAUGHTER MADIGAN            |           4
 DAUGHTER MADIGAN            |           4
 DECEIVER BETRAYED           |           4
 DECEIVER BETRAYED           |           4
 DECEIVER BETRAYED           |           4
 DECEIVER BETRAYED           |           4
 DESPERATE TRAINSPOTTING     |           4
 DESPERATE TRAINSPOTTING     |           4
 DESPERATE TRAINSPOTTING     |           4
 DESPERATE TRAINSPOTTING     |           4
 DIARY PANIC                 |           4
 DIARY PANIC                 |           4
 DIARY PANIC                 |           4
 DIARY PANIC                 |           4
 DISTURBING SCARFACE         |           4
 DISTURBING SCARFACE         |           4
 DISTURBING SCARFACE         |           4
 DISTURBING SCARFACE         |           4
 DORADO NOTTING              |           4
 DORADO NOTTING              |           4
 DORADO NOTTING              |           4
 DORADO NOTTING              |           4
 DOWNHILL ENOUGH             |           4
 DOWNHILL ENOUGH             |           4
 DOWNHILL ENOUGH             |           4
 DOWNHILL ENOUGH             |           4
 DREAM PICKUP                |           4
 DREAM PICKUP                |           4
 DREAM PICKUP                |           4
 DREAM PICKUP                |           4
 ELEMENT FREDDY              |           4
 ELEMENT FREDDY              |           4
 ELEMENT FREDDY              |           4
 ELEMENT FREDDY              |           4
 ENCOUNTERS CURTAIN          |           4
 ENCOUNTERS CURTAIN          |           4
 ENCOUNTERS CURTAIN          |           4
 ENCOUNTERS CURTAIN          |           4
 ENEMY ODDS                  |           4
 ENEMY ODDS                  |           4
 ENEMY ODDS                  |           4
 ENEMY ODDS                  |           4
 ENTRAPMENT SATISFACTION     |           4
 ENTRAPMENT SATISFACTION     |           4
 ENTRAPMENT SATISFACTION     |           4
 ENTRAPMENT SATISFACTION     |           4
 ESCAPE METROPOLIS           |           4
 ESCAPE METROPOLIS           |           4
 ESCAPE METROPOLIS           |           4
 ESCAPE METROPOLIS           |           4
 EXPENDABLE STALLION         |           4
 EXPENDABLE STALLION         |           4
 EXPENDABLE STALLION         |           4
 EXPENDABLE STALLION         |           4
 FALCON VOLUME               |           4
 FALCON VOLUME               |           4
 FALCON VOLUME               |           4
 FALCON VOLUME               |           4
 FEUD FROGMEN                |           4
 FEUD FROGMEN                |           4
 FEUD FROGMEN                |           4
 FEUD FROGMEN                |           4
 FIDELITY DEVIL              |           4
 FIDELITY DEVIL              |           4
 FIDELITY DEVIL              |           4
 FIDELITY DEVIL              |           4
 FLINTSTONES HAPPINESS       |           4
 FLINTSTONES HAPPINESS       |           4
 FLINTSTONES HAPPINESS       |           4
 FLINTSTONES HAPPINESS       |           4
 FURY MURDER                 |           4
 FURY MURDER                 |           4
 FURY MURDER                 |           4
 FURY MURDER                 |           4
 GANGS PRIDE                 |           4
 GANGS PRIDE                 |           4
 GANGS PRIDE                 |           4
 GANGS PRIDE                 |           4
 GILBERT PELICAN             |           4
 GILBERT PELICAN             |           4
 GILBERT PELICAN             |           4
 GILBERT PELICAN             |           4
 GLASS DYING                 |           4
 GLASS DYING                 |           4
 GLASS DYING                 |           4
 GLASS DYING                 |           4
 GOLDFINGER SENSIBILITY      |           4
 GOLDFINGER SENSIBILITY      |           4
 GOLDFINGER SENSIBILITY      |           4
 GOLDFINGER SENSIBILITY      |           4
 GREEK EVERYONE              |           4
 GREEK EVERYONE              |           4
 GREEK EVERYONE              |           4
 GREEK EVERYONE              |           4
 GROSSE WONDERFUL            |           4
 GROSSE WONDERFUL            |           4
 GROSSE WONDERFUL            |           4
 GROSSE WONDERFUL            |           4
 GUNFIGHT MOON               |           4
 GUNFIGHT MOON               |           4
 GUNFIGHT MOON               |           4
 GUNFIGHT MOON               |           4
 GUNFIGHTER MUSSOLINI        |           4
 GUNFIGHTER MUSSOLINI        |           4
 GUNFIGHTER MUSSOLINI        |           4
 GUNFIGHTER MUSSOLINI        |           4
 HARPER DYING                |           4
 HARPER DYING                |           4
 HARPER DYING                |           4
 HARPER DYING                |           4
 HEDWIG ALTER                |           4
 HEDWIG ALTER                |           4
 HEDWIG ALTER                |           4
 HEDWIG ALTER                |           4
 HOOK CHARIOTS               |           4
 HOOK CHARIOTS               |           4
 HOOK CHARIOTS               |           4
 HOOK CHARIOTS               |           4
 HOPE TOOTSIE                |           4
 HOPE TOOTSIE                |           4
 HOPE TOOTSIE                |           4
 HOPE TOOTSIE                |           4
 HOTEL HAPPINESS             |           4
 HOTEL HAPPINESS             |           4
 HOTEL HAPPINESS             |           4
 HOTEL HAPPINESS             |           4
 HUMAN GRAFFITI              |           4
 HUMAN GRAFFITI              |           4
 HUMAN GRAFFITI              |           4
 HUMAN GRAFFITI              |           4
 HUNTER ALTER                |           4
 HUNTER ALTER                |           4
 HUNTER ALTER                |           4
 HUNTER ALTER                |           4
 HUSTLER PARTY               |           4
 HUSTLER PARTY               |           4
 HUSTLER PARTY               |           4
 HUSTLER PARTY               |           4
 IDENTITY LOVER              |           4
 IDENTITY LOVER              |           4
 IDENTITY LOVER              |           4
 IDENTITY LOVER              |           4
 INSECTS STONE               |           4
 INSECTS STONE               |           4
 INSECTS STONE               |           4
 INSECTS STONE               |           4
 ISHTAR ROCKETEER            |           4
 ISHTAR ROCKETEER            |           4
 ISHTAR ROCKETEER            |           4
 ISHTAR ROCKETEER            |           4
 JEDI BENEATH                |           4
 JEDI BENEATH                |           4
 JEDI BENEATH                |           4
 JEDI BENEATH                |           4
 JERICHO MULAN               |           4
 JERICHO MULAN               |           4
 JERICHO MULAN               |           4
 JERICHO MULAN               |           4
 KENTUCKIAN GIANT            |           4
 KENTUCKIAN GIANT            |           4
 KENTUCKIAN GIANT            |           4
 KENTUCKIAN GIANT            |           4
 LADYBUGS ARMAGEDDON         |           4
 LADYBUGS ARMAGEDDON         |           4
 LADYBUGS ARMAGEDDON         |           4
 LADYBUGS ARMAGEDDON         |           4
 LAWLESS VISION              |           4
 LAWLESS VISION              |           4
 LAWLESS VISION              |           4
 LAWLESS VISION              |           4
 LEGEND JEDI                 |           4
 LEGEND JEDI                 |           4
 LEGEND JEDI                 |           4
 LEGEND JEDI                 |           4
 LOSE INCH                   |           4
 LOSE INCH                   |           4
 LOSE INCH                   |           4
 LOSE INCH                   |           4
 LOVE SUICIDES               |           4
 LOVE SUICIDES               |           4
 LOVE SUICIDES               |           4
 LOVE SUICIDES               |           4
 MADRE GABLES                |           4
 MADRE GABLES                |           4
 MADRE GABLES                |           4
 MADRE GABLES                |           4
 MAGIC MALLRATS              |           4
 MAGIC MALLRATS              |           4
 MAGIC MALLRATS              |           4
 MAGIC MALLRATS              |           4
 MAGUIRE APACHE              |           4
 MAGUIRE APACHE              |           4
 MAGUIRE APACHE              |           4
 MAGUIRE APACHE              |           4
 MOSQUITO ARMAGEDDON         |           4
 MOSQUITO ARMAGEDDON         |           4
 MOSQUITO ARMAGEDDON         |           4
 MOSQUITO ARMAGEDDON         |           4
 MYSTIC TRUMAN               |           4
 MYSTIC TRUMAN               |           4
 MYSTIC TRUMAN               |           4
 MYSTIC TRUMAN               |           4
 NATURAL STOCK               |           4
 NATURAL STOCK               |           4
 NATURAL STOCK               |           4
 NATURAL STOCK               |           4
 NEWTON LABYRINTH            |           4
 NEWTON LABYRINTH            |           4
 NEWTON LABYRINTH            |           4
 NEWTON LABYRINTH            |           4
 OPUS ICE                    |           4
 OPUS ICE                    |           4
 OPUS ICE                    |           4
 OPUS ICE                    |           4
 ORIENT CLOSER               |           4
 ORIENT CLOSER               |           4
 ORIENT CLOSER               |           4
 ORIENT CLOSER               |           4
 OTHERS SOUP                 |           4
 OTHERS SOUP                 |           4
 OTHERS SOUP                 |           4
 OTHERS SOUP                 |           4
 OUTFIELD MASSACRE           |           4
 OUTFIELD MASSACRE           |           4
 OUTFIELD MASSACRE           |           4
 OUTFIELD MASSACRE           |           4
 PARADISE SABRINA            |           4
 PARADISE SABRINA            |           4
 PARADISE SABRINA            |           4
 PARADISE SABRINA            |           4
 PATIENT SISTER              |           4
 PATIENT SISTER              |           4
 PATIENT SISTER              |           4
 PATIENT SISTER              |           4
 PATRIOT ROMAN               |           4
 PATRIOT ROMAN               |           4
 PATRIOT ROMAN               |           4
 PATRIOT ROMAN               |           4
 PEARL DESTINY               |           4
 PEARL DESTINY               |           4
 PEARL DESTINY               |           4
 PEARL DESTINY               |           4
 PRIDE ALAMO                 |           4
 PRIDE ALAMO                 |           4
 PRIDE ALAMO                 |           4
 PRIDE ALAMO                 |           4
 QUILLS BULL                 |           4
 QUILLS BULL                 |           4
 QUILLS BULL                 |           4
 QUILLS BULL                 |           4
 RANGE MOONWALKER            |           4
 RANGE MOONWALKER            |           4
 RANGE MOONWALKER            |           4
 RANGE MOONWALKER            |           4
 REAP UNFAITHFUL             |           4
 REAP UNFAITHFUL             |           4
 REAP UNFAITHFUL             |           4
 REAP UNFAITHFUL             |           4
 REEF SALUTE                 |           4
 REEF SALUTE                 |           4
 REEF SALUTE                 |           4
 REEF SALUTE                 |           4
 REMEMBER DIARY              |           4
 REMEMBER DIARY              |           4
 REMEMBER DIARY              |           4
 REMEMBER DIARY              |           4
 RIVER OUTLAW                |           4
 RIVER OUTLAW                |           4
 RIVER OUTLAW                |           4
 RIVER OUTLAW                |           4
 ROUGE SQUAD                 |           4
 ROUGE SQUAD                 |           4
 ROUGE SQUAD                 |           4
 ROUGE SQUAD                 |           4
 SABRINA MIDNIGHT            |           4
 SABRINA MIDNIGHT            |           4
 SABRINA MIDNIGHT            |           4
 SABRINA MIDNIGHT            |           4
 SALUTE APOLLO               |           4
 SALUTE APOLLO               |           4
 SALUTE APOLLO               |           4
 SALUTE APOLLO               |           4
 SEARCHERS WAIT              |           4
 SEARCHERS WAIT              |           4
 SEARCHERS WAIT              |           4
 SEARCHERS WAIT              |           4
 SHRUNK DIVINE               |           4
 SHRUNK DIVINE               |           4
 SHRUNK DIVINE               |           4
 SHRUNK DIVINE               |           4
 SILENCE KANE                |           4
 SILENCE KANE                |           4
 SILENCE KANE                |           4
 SILENCE KANE                |           4
 SINNERS ATLANTIS            |           4
 SINNERS ATLANTIS            |           4
 SINNERS ATLANTIS            |           4
 SINNERS ATLANTIS            |           4
 SLEEPING SUSPECTS           |           4
 SLEEPING SUSPECTS           |           4
 SLEEPING SUSPECTS           |           4
 SLEEPING SUSPECTS           |           4
 SLEEPLESS MONSOON           |           4
 SLEEPLESS MONSOON           |           4
 SLEEPLESS MONSOON           |           4
 SLEEPLESS MONSOON           |           4
 SORORITY QUEEN              |           4
 SORORITY QUEEN              |           4
 SORORITY QUEEN              |           4
 SORORITY QUEEN              |           4
 STEERS ARMAGEDDON           |           4
 STEERS ARMAGEDDON           |           4
 STEERS ARMAGEDDON           |           4
 STEERS ARMAGEDDON           |           4
 STEPMOM DREAM               |           4
 STEPMOM DREAM               |           4
 STEPMOM DREAM               |           4
 STEPMOM DREAM               |           4
 STRICTLY SCARFACE           |           4
 STRICTLY SCARFACE           |           4
 STRICTLY SCARFACE           |           4
 STRICTLY SCARFACE           |           4
 TIMBERLAND SKY              |           4
 TIMBERLAND SKY              |           4
 TIMBERLAND SKY              |           4
 TIMBERLAND SKY              |           4
 TOWERS HURRICANE            |           4
 TOWERS HURRICANE            |           4
 TOWERS HURRICANE            |           4
 TOWERS HURRICANE            |           4
 TOWN ARK                    |           4
 TOWN ARK                    |           4
 TOWN ARK                    |           4
 TOWN ARK                    |           4
 TRAFFIC HOBBIT              |           4
 TRAFFIC HOBBIT              |           4
 TRAFFIC HOBBIT              |           4
 TRAFFIC HOBBIT              |           4
 TRAIN BUNCH                 |           4
 TRAIN BUNCH                 |           4
 TRAIN BUNCH                 |           4
 TRAIN BUNCH                 |           4
 TRAINSPOTTING STRANGERS     |           4
 TRAINSPOTTING STRANGERS     |           4
 TRAINSPOTTING STRANGERS     |           4
 TRAINSPOTTING STRANGERS     |           4
 TRIP NEWTON                 |           4
 TRIP NEWTON                 |           4
 TRIP NEWTON                 |           4
 TRIP NEWTON                 |           4
 VALLEY PACKER               |           4
 VALLEY PACKER               |           4
 VALLEY PACKER               |           4
 VALLEY PACKER               |           4
 VERTIGO NORTHWEST           |           4
 VERTIGO NORTHWEST           |           4
 VERTIGO NORTHWEST           |           4
 VERTIGO NORTHWEST           |           4
 WARS PLUTO                  |           4
 WARS PLUTO                  |           4
 WARS PLUTO                  |           4
 WARS PLUTO                  |           4
 WILD APOLLO                 |           4
 WILD APOLLO                 |           4
 WILD APOLLO                 |           4
 WILD APOLLO                 |           4
 WINDOW SIDE                 |           4
 WINDOW SIDE                 |           4
 WINDOW SIDE                 |           4
 WINDOW SIDE                 |           4
 WITCHES PANIC               |           4
 WITCHES PANIC               |           4
 WITCHES PANIC               |           4
 WITCHES PANIC               |           4
 WONDERFUL DROP              |           4
 WONDERFUL DROP              |           4
 WONDERFUL DROP              |           4
 WONDERFUL DROP              |           4
 WORST BANGER                |           4
 WORST BANGER                |           4
 WORST BANGER                |           4
 WORST BANGER                |           4
 WRATH MILE                  |           4
 WRATH MILE                  |           4
 WRATH MILE                  |           4
 WRATH MILE                  |           4
 ANNIE IDENTITY              |           3
 ANNIE IDENTITY              |           3
 ANNIE IDENTITY              |           3
 ANYTHING SAVANNAH           |           3
 ANYTHING SAVANNAH           |           3
 ANYTHING SAVANNAH           |           3
 ARK RIDGEMONT               |           3
 ARK RIDGEMONT               |           3
 ARK RIDGEMONT               |           3
 ARSENIC INDEPENDENCE        |           3
 ARSENIC INDEPENDENCE        |           3
 ARSENIC INDEPENDENCE        |           3
 AUTUMN CROW                 |           3
 AUTUMN CROW                 |           3
 AUTUMN CROW                 |           3
 BEAR GRACELAND              |           3
 BEAR GRACELAND              |           3
 BEAR GRACELAND              |           3
 BILKO ANONYMOUS             |           3
 BILKO ANONYMOUS             |           3
 BILKO ANONYMOUS             |           3
 BLINDNESS GUN               |           3
 BLINDNESS GUN               |           3
 BLINDNESS GUN               |           3
 BUBBLE GROSSE               |           3
 BUBBLE GROSSE               |           3
 BUBBLE GROSSE               |           3
 BUTCH PANTHER               |           3
 BUTCH PANTHER               |           3
 BUTCH PANTHER               |           3
 CAMPUS REMEMBER             |           3
 CAMPUS REMEMBER             |           3
 CAMPUS REMEMBER             |           3
 CHARADE DUFFEL              |           3
 CHARADE DUFFEL              |           3
 CHARADE DUFFEL              |           3
 CHRISTMAS MOONSHINE         |           3
 CHRISTMAS MOONSHINE         |           3
 CHRISTMAS MOONSHINE         |           3
 COMA HEAD                   |           3
 COMA HEAD                   |           3
 COMA HEAD                   |           3
 CONGENIALITY QUEST          |           3
 CONGENIALITY QUEST          |           3
 CONGENIALITY QUEST          |           3
 CONTROL ANTHEM              |           3
 CONTROL ANTHEM              |           3
 CONTROL ANTHEM              |           3
 CONVERSATION DOWNHILL       |           3
 CONVERSATION DOWNHILL       |           3
 CONVERSATION DOWNHILL       |           3
 CREATURES SHAKESPEARE       |           3
 CREATURES SHAKESPEARE       |           3
 CREATURES SHAKESPEARE       |           3
 CURTAIN VIDEOTAPE           |           3
 CURTAIN VIDEOTAPE           |           3
 CURTAIN VIDEOTAPE           |           3
 CYCLONE FAMILY              |           3
 CYCLONE FAMILY              |           3
 CYCLONE FAMILY              |           3
 DEER VIRGINIAN              |           3
 DEER VIRGINIAN              |           3
 DEER VIRGINIAN              |           3
 DELIVERANCE MULHOLLAND      |           3
 DELIVERANCE MULHOLLAND      |           3
 DELIVERANCE MULHOLLAND      |           3
 DESTINATION JERK            |           3
 DESTINATION JERK            |           3
 DESTINATION JERK            |           3
 DETECTIVE VISION            |           3
 DETECTIVE VISION            |           3
 DETECTIVE VISION            |           3
 DRAGONFLY STRANGERS         |           3
 DRAGONFLY STRANGERS         |           3
 DRAGONFLY STRANGERS         |           3
 DUFFEL APOCALYPSE           |           3
 DUFFEL APOCALYPSE           |           3
 DUFFEL APOCALYPSE           |           3
 EARTH VISION                |           3
 EARTH VISION                |           3
 EARTH VISION                |           3
 EASY GLADIATOR              |           3
 EASY GLADIATOR              |           3
 EASY GLADIATOR              |           3
 EDGE KISSING                |           3
 EDGE KISSING                |           3
 EDGE KISSING                |           3
 ELIZABETH SHANE             |           3
 ELIZABETH SHANE             |           3
 ELIZABETH SHANE             |           3
 EXPECATIONS NATURAL         |           3
 EXPECATIONS NATURAL         |           3
 EXPECATIONS NATURAL         |           3
 FANTASIA PARK               |           3
 FANTASIA PARK               |           3
 FANTASIA PARK               |           3
 FEVER EMPIRE                |           3
 FEVER EMPIRE                |           3
 FEVER EMPIRE                |           3
 FIGHT JAWBREAKER            |           3
 FIGHT JAWBREAKER            |           3
 FIGHT JAWBREAKER            |           3
 FORRESTER COMANCHEROS       |           3
 FORRESTER COMANCHEROS       |           3
 FORRESTER COMANCHEROS       |           3
 FORWARD TEMPLE              |           3
 FORWARD TEMPLE              |           3
 FORWARD TEMPLE              |           3
 FREDDY STORM                |           3
 FREDDY STORM                |           3
 FREDDY STORM                |           3
 GALAXY SWEETHEARTS          |           3
 GALAXY SWEETHEARTS          |           3
 GALAXY SWEETHEARTS          |           3
 GARDEN ISLAND               |           3
 GARDEN ISLAND               |           3
 GARDEN ISLAND               |           3
 GATHERING CALENDAR          |           3
 GATHERING CALENDAR          |           3
 GATHERING CALENDAR          |           3
 GO PURPLE                   |           3
 GO PURPLE                   |           3
 GO PURPLE                   |           3
 GOSFORD DONNIE              |           3
 GOSFORD DONNIE              |           3
 GOSFORD DONNIE              |           3
 GREASE YOUTH                |           3
 GREASE YOUTH                |           3
 GREASE YOUTH                |           3
 GRIT CLOCKWORK              |           3
 GRIT CLOCKWORK              |           3
 GRIT CLOCKWORK              |           3
 HANKY OCTOBER               |           3
 HANKY OCTOBER               |           3
 HANKY OCTOBER               |           3
 HARDLY ROBBERS              |           3
 HARDLY ROBBERS              |           3
 HARDLY ROBBERS              |           3
 HATE HANDICAP               |           3
 HATE HANDICAP               |           3
 HATE HANDICAP               |           3
 HOCUS FRIDA                 |           3
 HOCUS FRIDA                 |           3
 HOCUS FRIDA                 |           3
 HOLY TADPOLE                |           3
 HOLY TADPOLE                |           3
 HOLY TADPOLE                |           3
 HURRICANE AFFAIR            |           3
 HURRICANE AFFAIR            |           3
 HURRICANE AFFAIR            |           3
 IMPACT ALADDIN              |           3
 IMPACT ALADDIN              |           3
 IMPACT ALADDIN              |           3
 IMPOSSIBLE PREJUDICE        |           3
 IMPOSSIBLE PREJUDICE        |           3
 IMPOSSIBLE PREJUDICE        |           3
 INFORMER DOUBLE             |           3
 INFORMER DOUBLE             |           3
 INFORMER DOUBLE             |           3
 INNOCENT USUAL              |           3
 INNOCENT USUAL              |           3
 INNOCENT USUAL              |           3
 ISLAND EXORCIST             |           3
 ISLAND EXORCIST             |           3
 ISLAND EXORCIST             |           3
 JEKYLL FROGMEN              |           3
 JEKYLL FROGMEN              |           3
 JEKYLL FROGMEN              |           3
 KISSING DOLLS               |           3
 KISSING DOLLS               |           3
 KISSING DOLLS               |           3
 LEBOWSKI SOLDIERS           |           3
 LEBOWSKI SOLDIERS           |           3
 LEBOWSKI SOLDIERS           |           3
 LION UNCUT                  |           3
 LION UNCUT                  |           3
 LION UNCUT                  |           3
 LOST BIRD                   |           3
 LOST BIRD                   |           3
 LOST BIRD                   |           3
 LOUISIANA HARRY             |           3
 LOUISIANA HARRY             |           3
 LOUISIANA HARRY             |           3
 MARRIED GO                  |           3
 MARRIED GO                  |           3
 MARRIED GO                  |           3
 MASKED BUBBLE               |           3
 MASKED BUBBLE               |           3
 MASKED BUBBLE               |           3
 MASSACRE USUAL              |           3
 MASSACRE USUAL              |           3
 MASSACRE USUAL              |           3
 MATRIX SNOWMAN              |           3
 MATRIX SNOWMAN              |           3
 MATRIX SNOWMAN              |           3
 MILE MULAN                  |           3
 MILE MULAN                  |           3
 MILE MULAN                  |           3
 MOCKINGBIRD HOLLYWOOD       |           3
 MOCKINGBIRD HOLLYWOOD       |           3
 MOCKINGBIRD HOLLYWOOD       |           3
 MOULIN WAKE                 |           3
 MOULIN WAKE                 |           3
 MOULIN WAKE                 |           3
 MUSIC BOONDOCK              |           3
 MUSIC BOONDOCK              |           3
 MUSIC BOONDOCK              |           3
 NAME DETECTIVE              |           3
 NAME DETECTIVE              |           3
 NAME DETECTIVE              |           3
 NETWORK PEAK                |           3
 NETWORK PEAK                |           3
 NETWORK PEAK                |           3
 OPERATION OPERATION         |           3
 OPERATION OPERATION         |           3
 OPERATION OPERATION         |           3
 PANIC CLUB                  |           3
 PANIC CLUB                  |           3
 PANIC CLUB                  |           3
 PAPI NECKLACE               |           3
 PAPI NECKLACE               |           3
 PAPI NECKLACE               |           3
 PAYCHECK WAIT               |           3
 PAYCHECK WAIT               |           3
 PAYCHECK WAIT               |           3
 POND SEATTLE                |           3
 POND SEATTLE                |           3
 POND SEATTLE                |           3
 RAGING AIRPLANE             |           3
 RAGING AIRPLANE             |           3
 RAGING AIRPLANE             |           3
 REIGN GENTLEMEN             |           3
 REIGN GENTLEMEN             |           3
 REIGN GENTLEMEN             |           3
 ROCKY WAR                   |           3
 ROCKY WAR                   |           3
 ROCKY WAR                   |           3
 ROLLERCOASTER BRINGING      |           3
 ROLLERCOASTER BRINGING      |           3
 ROLLERCOASTER BRINGING      |           3
 RUNAWAY TENENBAUMS          |           3
 RUNAWAY TENENBAUMS          |           3
 RUNAWAY TENENBAUMS          |           3
 SADDLE ANTITRUST            |           3
 SADDLE ANTITRUST            |           3
 SADDLE ANTITRUST            |           3
 SASSY PACKER                |           3
 SASSY PACKER                |           3
 SASSY PACKER                |           3
 SEABISCUIT PUNK             |           3
 SEABISCUIT PUNK             |           3
 SEABISCUIT PUNK             |           3
 SECRET GROUNDHOG            |           3
 SECRET GROUNDHOG            |           3
 SECRET GROUNDHOG            |           3
 SHANE DARKNESS              |           3
 SHANE DARKNESS              |           3
 SHANE DARKNESS              |           3
 SHOOTIST SUPERFLY           |           3
 SHOOTIST SUPERFLY           |           3
 SHOOTIST SUPERFLY           |           3
 SHREK LICENSE               |           3
 SHREK LICENSE               |           3
 SHREK LICENSE               |           3
 SIMON NORTH                 |           3
 SIMON NORTH                 |           3
 SIMON NORTH                 |           3
 SISTER FREDDY               |           3
 SISTER FREDDY               |           3
 SISTER FREDDY               |           3
 SLING LUKE                  |           3
 SLING LUKE                  |           3
 SLING LUKE                  |           3
 SLUMS DUCK                  |           3
 SLUMS DUCK                  |           3
 SLUMS DUCK                  |           3
 SNATCH SLIPPER              |           3
 SNATCH SLIPPER              |           3
 SNATCH SLIPPER              |           3
 SNOWMAN ROLLERCOASTER       |           3
 SNOWMAN ROLLERCOASTER       |           3
 SNOWMAN ROLLERCOASTER       |           3
 SOMETHING DUCK              |           3
 SOMETHING DUCK              |           3
 SOMETHING DUCK              |           3
 SPARTACUS CHEAPER           |           3
 SPARTACUS CHEAPER           |           3
 SPARTACUS CHEAPER           |           3
 SPEAKEASY DATE              |           3
 SPEAKEASY DATE              |           3
 SPEAKEASY DATE              |           3
 STEEL SANTA                 |           3
 STEEL SANTA                 |           3
 STEEL SANTA                 |           3
 STRAIGHT HOURS              |           3
 STRAIGHT HOURS              |           3
 STRAIGHT HOURS              |           3
 STREAK RIDGEMONT            |           3
 STREAK RIDGEMONT            |           3
 STREAK RIDGEMONT            |           3
 SUICIDES SILENCE            |           3
 SUICIDES SILENCE            |           3
 SUICIDES SILENCE            |           3
 SUNSET RACER                |           3
 SUNSET RACER                |           3
 SUNSET RACER                |           3
 SUPER WYOMING               |           3
 SUPER WYOMING               |           3
 SUPER WYOMING               |           3
 TARZAN VIDEOTAPE            |           3
 TARZAN VIDEOTAPE            |           3
 TARZAN VIDEOTAPE            |           3
 TEQUILA PAST                |           3
 TEQUILA PAST                |           3
 TEQUILA PAST                |           3
 TOURIST PELICAN             |           3
 TOURIST PELICAN             |           3
 TOURIST PELICAN             |           3
 TRACY CIDER                 |           3
 TRACY CIDER                 |           3
 TRACY CIDER                 |           3
 TRADING PINOCCHIO           |           3
 TRADING PINOCCHIO           |           3
 TRADING PINOCCHIO           |           3
 TRANSLATION SUMMER          |           3
 TRANSLATION SUMMER          |           3
 TRANSLATION SUMMER          |           3
 TURN STAR                   |           3
 TURN STAR                   |           3
 TURN STAR                   |           3
 TUXEDO MILE                 |           3
 TUXEDO MILE                 |           3
 TUXEDO MILE                 |           3
 TWISTED PIRATES             |           3
 TWISTED PIRATES             |           3
 TWISTED PIRATES             |           3
 UNDEFEATED DALMATIONS       |           3
 UNDEFEATED DALMATIONS       |           3
 UNDEFEATED DALMATIONS       |           3
 VARSITY TRIP                |           3
 VARSITY TRIP                |           3
 VARSITY TRIP                |           3
 VIRTUAL SPOILERS            |           3
 VIRTUAL SPOILERS            |           3
 VIRTUAL SPOILERS            |           3
 VOICE PEACH                 |           3
 VOICE PEACH                 |           3
 VOICE PEACH                 |           3
 WHISPERER GIANT             |           3
 WHISPERER GIANT             |           3
 WHISPERER GIANT             |           3
 WIND PHANTOM                |           3
 WIND PHANTOM                |           3
 WIND PHANTOM                |           3
 ZORRO ARK                   |           3
 ZORRO ARK                   |           3
 ZORRO ARK                   |           3
 ANTHEM LUKE                 |           2
 ANTHEM LUKE                 |           2
 BIKINI BORROWERS            |           2
 BIKINI BORROWERS            |           2
 BIRD INDEPENDENCE           |           2
 BIRD INDEPENDENCE           |           2
 BOUND CHEAPER               |           2
 BOUND CHEAPER               |           2
 BRANNIGAN SUNRISE           |           2
 BRANNIGAN SUNRISE           |           2
 BRINGING HYSTERICAL         |           2
 BRINGING HYSTERICAL         |           2
 BUGSY SONG                  |           2
 BUGSY SONG                  |           2
 CALIFORNIA BIRDS            |           2
 CALIFORNIA BIRDS            |           2
 CAMELOT VACATION            |           2
 CAMELOT VACATION            |           2
 CHAINSAW UPTOWN             |           2
 CHAINSAW UPTOWN             |           2
 CHARIOTS CONSPIRACY         |           2
 CHARIOTS CONSPIRACY         |           2
 CHEAPER CLYDE               |           2
 CHEAPER CLYDE               |           2
 CHICKEN HELLFIGHTERS        |           2
 CHICKEN HELLFIGHTERS        |           2
 CIRCUS YOUTH                |           2
 CIRCUS YOUTH                |           2
 CONFIDENTIAL INTERVIEW      |           2
 CONFIDENTIAL INTERVIEW      |           2
 CROSSING DIVORCE            |           2
 CROSSING DIVORCE            |           2
 CRUELTY UNFORGIVEN          |           2
 CRUELTY UNFORGIVEN          |           2
 DARKNESS WAR                |           2
 DARKNESS WAR                |           2
 DARLING BREAKING            |           2
 DARLING BREAKING            |           2
 DETAILS PACKER              |           2
 DETAILS PACKER              |           2
 DUCK RACER                  |           2
 DUCK RACER                  |           2
 DYING MAKER                 |           2
 DYING MAKER                 |           2
 FISH OPUS                   |           2
 FISH OPUS                   |           2
 FOOL MOCKINGBIRD            |           2
 FOOL MOCKINGBIRD            |           2
 FRANKENSTEIN STRANGER       |           2
 FRANKENSTEIN STRANGER       |           2
 GOLD RIVER                  |           2
 GOLD RIVER                  |           2
 GRADUATE LORD               |           2
 GRADUATE LORD               |           2
 HEAD STRANGER               |           2
 HEAD STRANGER               |           2
 HOLLOW JEOPARDY             |           2
 HOLLOW JEOPARDY             |           2
 HUNCHBACK IMPOSSIBLE        |           2
 HUNCHBACK IMPOSSIBLE        |           2
 INTENTIONS EMPIRE           |           2
 INTENTIONS EMPIRE           |           2
 ITALIAN AFRICAN             |           2
 ITALIAN AFRICAN             |           2
 JINGLE SAGEBRUSH            |           2
 JINGLE SAGEBRUSH            |           2
 JOON NORTHWEST              |           2
 JOON NORTHWEST              |           2
 LAWRENCE LOVE               |           2
 LAWRENCE LOVE               |           2
 LIGHTS DEER                 |           2
 LIGHTS DEER                 |           2
 LOCK REAR                   |           2
 LOCK REAR                   |           2
 MANCHURIAN CURTAIN          |           2
 MANCHURIAN CURTAIN          |           2
 MENAGERIE RUSHMORE          |           2
 MENAGERIE RUSHMORE          |           2
 MIDSUMMER GROUNDHOG         |           2
 MIDSUMMER GROUNDHOG         |           2
 MINE TITANS                 |           2
 MINE TITANS                 |           2
 MONTEZUMA COMMAND           |           2
 MONTEZUMA COMMAND           |           2
 NIGHTMARE CHILL             |           2
 NIGHTMARE CHILL             |           2
 NOTORIOUS REUNION           |           2
 NOTORIOUS REUNION           |           2
 NOTTING SPEAKEASY           |           2
 NOTTING SPEAKEASY           |           2
 NUTS TIES                   |           2
 NUTS TIES                   |           2
 PARTY KNOCK                 |           2
 PARTY KNOCK                 |           2
 PHANTOM GLORY               |           2
 PHANTOM GLORY               |           2
 PHILADELPHIA WIFE           |           2
 PHILADELPHIA WIFE           |           2
 PURE RUNNER                 |           2
 PURE RUNNER                 |           2
 ROBBERY BRIGHT              |           2
 ROBBERY BRIGHT              |           2
 ROMAN PUNK                  |           2
 ROMAN PUNK                  |           2
 ROOM ROMAN                  |           2
 ROOM ROMAN                  |           2
 SAMURAI LION                |           2
 SAMURAI LION                |           2
 SATURN NAME                 |           2
 SATURN NAME                 |           2
 SHOW LORD                   |           2
 SHOW LORD                   |           2
 SMOOCHY CONTROL             |           2
 SMOOCHY CONTROL             |           2
 SOUP WISDOM                 |           2
 SOUP WISDOM                 |           2
 SOUTH WAIT                  |           2
 SOUTH WAIT                  |           2
 STAGE WORLD                 |           2
 STAGE WORLD                 |           2
 TERMINATOR CLUB             |           2
 TERMINATOR CLUB             |           2
 THIN SAGEBRUSH              |           2
 THIN SAGEBRUSH              |           2
 VALENTINE VANISHING         |           2
 VALENTINE VANISHING         |           2
 VANILLA DAY                 |           2
 VANILLA DAY                 |           2
 VANISHED GARDEN             |           2
 VANISHED GARDEN             |           2
 VIETNAM SMOOCHY             |           2
 VIETNAM SMOOCHY             |           2
 VILLAIN DESPERATE           |           2
 VILLAIN DESPERATE           |           2
 WILLOW TRACY                |           2
 WILLOW TRACY                |           2
 WONKA SEA                   |           2
 WONKA SEA                   |           2
 BAKED CLEOPATRA             |           1
 BRIDE INTRIGUE              |           1
 DOLLS RAGE                  |           1
 DWARFS ALTER                |           1
 FERRIS MOTHER               |           1
 FOREVER CANDIDATE           |           1
 GHOSTBUSTERS ELF            |           1
 GIANT TROOPERS              |           1
 HUNGER ROOF                 |           1
 LOLITA WORLD                |           1
 MALTESE HOPE                |           1
 MINORITY KISS               |           1
 MIRACLE VIRTUAL             |           1
 MOON BUNCH                  |           1
 MUSKETEERS WAIT             |           1
 PACKER MADIGAN              |           1
 PIRATES ROXANNE             |           1
 PSYCHO SHRUNK               |           1
 SHOCK CABIN                 |           1
 STONE FIRE                  |           1
 YENTL IDAHO                 |           1
(5462 rows)

